family,scientificNameWithoutAuthorship,scientificNameAuthorship
Poaceae,"Glaziophyton mirabile",Franch.
Thismiaceae,"Thismia glaziovii",Poulsen
COMMELINACEAE,"Dichorisandra picta",Lodd.
Bromeliaceae,"Neoregelia paratiensis",Leme
Poaceae,"Chusquea sclerophylla",Döll
Gesneriaceae,"Besleria macahensis",Brade
CACTACEAE,"Rhipsalis triangularis",Werderm.
Myrtaceae,"Myrcia innovans",Kiaersk.
Amaryllidaceae,"Worsleya procera","(Lem.) Traub"
ORCHIDACEAE,"Pabstiella dracula","(Seehawer) Luer & Toscano"
Acanthaceae,"Aphelandra stephanophysa",Nees
Acanthaceae,"Justicia meyeniana","(Nees) Lindau"
Amaryllidaceae,"Griffinia intermedia",Lindl.
Orchidaceae,"Pabstiella pantherina","(Seehawer) Luer & Toscano"
ACANTHACEAE,"Aphelandra bradeana",Rizzini
ACANTHACEAE,"Aphelandra rigida","Glaz. ex Mildbr."
ACANTHACEAE,"Herpetacanthus delicatus","Indriunas & Kameyama"
ACANTHACEAE,"Herpetacanthus parvispica","Indriunas & Kameyama"
ACANTHACEAE,"Justicia itatiaiensis",Profice
ACANTHACEAE,"Justicia nervata","(Lindau) Profice"
ACANTHACEAE,"Justicia polita","(Nees) Profice"
ACANTHACEAE,"Staurogyne brachiata","(Hiern) Leonard"
ACANTHACEAE,"Staurogyne euryphylla",E.Hossain
AMARYLLIDACEAE,"Griffinia rochae",Morel
ANEMIACEAE,"Anemia candidoi",Brade
ANNONACEAE,"Annona ferruginea","(R.E.Fr.) H.Rainer"
ANNONACEAE,"Annona parviflora","(A.St.-Hil.) H.Rainer"
ANNONACEAE,"Duguetia microphylla","(R.E.Fr.) R.E.Fr."
ANNONACEAE,"Duguetia pohliana",Mart.
ANNONACEAE,"Hornschuchia alba","(A.St.-Hil.) R.E.Fr."
ANNONACEAE,"Trigynaea axilliflora","D.M.Johnson & N.A.Murray"
ANNONACEAE,"Unonopsis riedeliana",R.E.Fr.
ANTHOCEROTACEAE,"Anthoceros lamellatus",Steph.
APIACEAE,"Eryngium fluminense",Urb.
APOCYNACEAE,"Aspidosperma compactinervium",Kuhlm.
APOCYNACEAE,"Aspidosperma ingratum",K.Schum.
APOCYNACEAE,"Cynanchum brasiliense","(Morillo) Liede"
APOCYNACEAE,"Ditassa fontellae","Marquete & C.Valente"
APOCYNACEAE,"Ditassa guilleminiana",Decne.
APOCYNACEAE,"Ditassa imbricata",E.Fourn.
APOCYNACEAE,"Ditassa maricaensis","Fontella & E.A.Schwarz"
APOCYNACEAE,"Ditassa subumbellata",Malme
APOCYNACEAE,"Forsteronia linearis","(Vell.) Müll.Arg."
APOCYNACEAE,"Gonolobus dorothyanus",Fontella
APOCYNACEAE,"Macroditassa laxa","(Malme) Fontella & de Lamare"
APOCYNACEAE,"Mandevilla crassinoda","(Gardner) Woodson"
APOCYNACEAE,"Marsdenia glaziovii","(E.Fourn.) Spellman & Morillo"
APOCYNACEAE,"Matelea fournieri",Morillo
APOCYNACEAE,"Matelea quinquedentata","(E.Fourn.) Morillo"
APOCYNACEAE,"Monsanima tinguaensis","R.Santos & Fontella"
APOCYNACEAE,"Orthosia arenosa",Decne.
APOCYNACEAE,"Orthosia umbrosa",Decne.
APOCYNACEAE,"Oxypetalum costae",Occhioni
APOCYNACEAE,"Oxypetalum lutescens",E.Fourn.
APOCYNACEAE,"Oxypetalum schottii",E.Fourn.
AQUIFOLIACEAE,"Ilex cognata",Reissek
AQUIFOLIACEAE,"Ilex friburgensis",Loes.
AQUIFOLIACEAE,"Ilex glazioviana",Loes.
AQUIFOLIACEAE,"Ilex longipetiolata",Loes.
AQUIFOLIACEAE,"Ilex organensis",Loes.
AQUIFOLIACEAE,"Ilex schwackeana",Loes.
AQUIFOLIACEAE,"Ilex virgata",Loes.
ARACEAE,"Anthurium aduncum","(Vell.) Schott"
ARACEAE,"Anthurium augustinum","K.Koch & Lauche"
ARACEAE,"Anthurium binotii",Linden
ARACEAE,"Anthurium bragae",Nadruz
ARACEAE,"Anthurium harrisii","(Graham) G.Don"
ARACEAE,"Anthurium laucheanum",K.Koch
ARACEAE,"Anthurium lhotzkyanum",Schott
ARACEAE,"Anthurium lucidum",Kunth
ARACEAE,"Anthurium luschnathianum",Kunth
ARACEAE,"Anthurium nitidulum",Engl.
ARACEAE,"Anthurium simonii",Nadruz
ARACEAE,"Anthurium validinervium",Engl.
ARACEAE,"Asterostigma concinnum",Schott
ARACEAE,"Philodendron alternans",Schott
ARACEAE,"Philodendron fragile","Nadruz & Mayo"
ARACEAE,"Philodendron millerianum","Nadruz & Sakur."
ARACEAE,"Philodendron nadruzianum",Sakur.
ARACEAE,"Wolffiella neotropica",Landolt
ARALIACEAE,"Dendropanax heterophyllus","(Marchal) Frodin"
ARALIACEAE,"Dendropanax langsdorfii","(Marchal) Frodin"
ARALIACEAE,"Dendropanax trilobus","(Gardner) Seem."
ARALIACEAE,"Hydrocotyle alpestris",Gardner
ARALIACEAE,"Hydrocotyle bradei",Rossberg
ARALIACEAE,"Hydrocotyle ulei",H.Wolff
ARALIACEAE,"Schefflera succinea","Frodin & Fiaschi"
ARECACEAE,"Lytocaryum weddellianum","(H.Wendl.) Toledo"
ARISTOLOCHIACEAE,"Aristolochia raja","Mart. & Zucc."
ASPLENIACEAE,"Asplenium cariocanum",Brade
ASTERACEAE,"Austrocritonia rosea","(Gardner) R.M.King & H.Rob."
ASTERACEAE,"Austrocritonia taunayana","(Glaz. ex B.L.Rob.) R.M.King & H.Rob."
ASTERACEAE,"Austroeupatorium petrophilum","(B.L.Rob.) R.M.King & H.Rob."
ASTERACEAE,"Baccharis alpestris",Gardner
ASTERACEAE,"Baccharis bifrons",Baker
ASTERACEAE,"Baccharis ciliata",Gardner
ASTERACEAE,"Baccharis friburgensis","G.Heiden et al."
ASTERACEAE,"Baccharis pseudovaccinioides",Malag.
ASTERACEAE,"Barrosoa viridiflora","(Baker) R.M. King & H. Rob."
ASTERACEAE,"Calea wedelioides","(Baker) S.F.Blake"
ASTERACEAE,"Critoniopsis magdalenae","(G.M.Barroso) H.Rob."
ASTERACEAE,"Dasyphyllum cryptocephalum","(Baker) Cabrera"
ASTERACEAE,"Dasyphyllum leptacanthum","(Gardner) Cabrera"
ASTERACEAE,"Gamochaeta grazielae","(Rizzini) Deble"
ASTERACEAE,"Graphistylis cuneifolia","(Gardner) B.Nord."
ASTERACEAE,"Lepidaploa araujoa","(H.Rob.) H.Rob."
ASTERACEAE,"Lepidaploa coulonioides","(H.Rob.) H.Rob."
ASTERACEAE,"Lepidaploa obtusifolia","(Less.) H.Rob."
ASTERACEAE,"Lepidaploa persicifolia","(Desf.) H.Rob."
ASTERACEAE,"Lessingianthus glaziovianus","(Baker) H.Rob."
ASTERACEAE,"Macropodina bradei","R.M.King & H.Rob."
ASTERACEAE,"Mikania alexandreae",G.M.Barroso
ASTERACEAE,"Mikania cabrerae",G.M.Barroso
ASTERACEAE,"Mikania campos-portoana",G.M.Barroso
ASTERACEAE,"Mikania casarettoi",B.L.Rob.
ASTERACEAE,"Mikania hastifolia",Baker
ASTERACEAE,"Mikania paranahybensis",G.M.Barroso
ASTERACEAE,"Mikania pteropoda",DC.
ASTERACEAE,"Mikania vauthieriana",Baker
ASTERACEAE,"Ophryosporus organensis",Cabrera
ASTERACEAE,"Piptocarpha verticillata","(Vell.) G.Lom.Sm. ex H.Rob."
ASTERACEAE,"Senecio arctiifolius",Baker
ASTERACEAE,"Senecio malacophyllus",Dusén
ASTERACEAE,"Senecio ramentaceus",Baker
ASTERACEAE,"Stevia dubia",B.L.Rob.
ASTERACEAE,"Stevia organensis",Gardner
ASTERACEAE,"Stevia verticillata",Schltdl.
ASTERACEAE,"Trichogoniopsis podocarpa","(DC.) R.M.King & H.Rob."
ASTERACEAE,"Wunderlichia insignis",Baill.
BEGONIACEAE,"Begonia acetosa",Vell.
BEGONIACEAE,"Begonia acida",Vell.
BEGONIACEAE,"Begonia aconitifolia",A.DC.
BEGONIACEAE,"Begonia antonietae",Brade
BEGONIACEAE,"Begonia cariocana","Brade ex L.B.Sm. & Wassh."
BEGONIACEAE,"Begonia cerasiphylla","L.B.Sm. & Wassh."
BEGONIACEAE,"Begonia collaris",Brade
BEGONIACEAE,"Begonia concinna",Schott
BEGONIACEAE,"Begonia cordata",Vell.
BEGONIACEAE,"Begonia declinata",Vell.
BEGONIACEAE,"Begonia densifolia",Irmsch.
BEGONIACEAE,"Begonia dentatiloba",A.DC.
BEGONIACEAE,"Begonia depauperata",Schott
BEGONIACEAE,"Begonia edmundoi",Brade
BEGONIACEAE,"Begonia epipsila",Brade
BEGONIACEAE,"Begonia erecta",Vell.
BEGONIACEAE,"Begonia fabulosa","L.B.Sm. & Wassh."
BEGONIACEAE,"Begonia fagifolia","Otto & A.Dietr."
BEGONIACEAE,"Begonia fluminensis",Brade
BEGONIACEAE,"Begonia forgetiana",Hemsl.
BEGONIACEAE,"Begonia friburgensis",Brade
BEGONIACEAE,"Begonia jocelinoi",Brade
BEGONIACEAE,"Begonia lanstyakii",Brade
BEGONIACEAE,"Begonia lubbersii",E.Morren
BEGONIACEAE,"Begonia lunaris",E.L.Jacques
BEGONIACEAE,"Begonia magdalenensis",Brade
BEGONIACEAE,"Begonia olsoniae","L.B.Sm. & B.G.Schub."
BEGONIACEAE,"Begonia parvifolia",Schott
BEGONIACEAE,"Begonia princeps",A.DC.
BEGONIACEAE,"Begonia pseudolubbersii",Brade
BEGONIACEAE,"Begonia ramentacea",Paxton
BEGONIACEAE,"Begonia rotunda",Vell.
BEGONIACEAE,"Begonia rubropilosa",A.DC.
BEGONIACEAE,"Begonia sanguinea",Raddi
BEGONIACEAE,"Begonia semidigitata",Brade
BEGONIACEAE,"Begonia valida",Goebel
BEGONIACEAE,"Begonia velloziana",Walp.
BIGNONIACEAE,"Adenocalymma bullatum","Bureau & K.Schum."
BIGNONIACEAE,"Bignonia costata","(Bureau & K.Schum.) L.G.Lohmann"
BIGNONIACEAE,"Fridericia elegans","(Vell.) L.G.Lohmann"
BIGNONIACEAE,"Jacaranda crassifolia",Morawetz
BROMELIACEAE,"Aechmea caesia","E.Morren ex Baker"
BROMELIACEAE,"Aechmea cariocae",L.B.Sm.
BROMELIACEAE,"Aechmea dealbata","E.Morren ex Baker"
BROMELIACEAE,"Aechmea fasciata","(Lindl.) Baker"
BROMELIACEAE,"Aechmea flavorosea",E.Pereira
BROMELIACEAE,"Aechmea grazielae","Martinelli & Leme"
BROMELIACEAE,"Aechmea paratiensis","Leme & Fraga"
BROMELIACEAE,"Aechmea prava",E.Pereira
BROMELIACEAE,"Aechmea squarrosa",Baker
BROMELIACEAE,"Alcantarea farneyi","(Martinelli & A.F.Costa) J.R.Grant"
BROMELIACEAE,"Alcantarea geniculata","(Wawra) J.R.Grant"
BROMELIACEAE,"Alcantarea glaziouana","(Leme) J.R.Grant"
BROMELIACEAE,"Alcantarea heloisae",J.R.Grant
BROMELIACEAE,"Alcantarea martinellii","Versieux & Wand."
BROMELIACEAE,"Alcantarea nevaresii","(Leme) J.R.Grant"
BROMELIACEAE,"Alcantarea tortuosa","Versieux & Wand."
BROMELIACEAE,"Billbergia amandae",W.Weber
BROMELIACEAE,"Billbergia brasiliensis",L.B.Sm.
BROMELIACEAE,"Billbergia macracantha",E.Pereira
BROMELIACEAE,"Canistropsis correia-araujoi","(E.Pereira & Leme) Leme"
BROMELIACEAE,"Canistropsis elata","(E.Pereira & Leme) Leme"
BROMELIACEAE,"Canistropsis marceloi","(E.Pereira & Moutinho) Leme"
BROMELIACEAE,"Canistropsis pulcherrima","(E.Pereira & Leme) Leme"
BROMELIACEAE,"Cryptanthus bromelioides","Otto & A.Dietr."
BROMELIACEAE,"Cryptanthus delicatus",Leme
BROMELIACEAE,"Cryptanthus sinuosus",L.B.Sm.
BROMELIACEAE,"Dyckia martinellii","B.R. Silva & Forzza"
BROMELIACEAE,"Dyckia pseudococcinea",L.B.Sm.
BROMELIACEAE,"Neoregelia abendrothae",L.B.Sm.
BROMELIACEAE,"Neoregelia bragarum","(E.Pereira & L.B.Sm.) Leme"
BROMELIACEAE,"Neoregelia camorimiana","E.Pereira & I.A.Penna"
BROMELIACEAE,"Neoregelia carinata",Leme
BROMELIACEAE,"Neoregelia coimbrae","E.Pereira & Leme"
BROMELIACEAE,"Neoregelia coriacea","(Antoine) L.B.Sm."
BROMELIACEAE,"Neoregelia correia-araujoi","E.Pereira & I.A.Penna"
BROMELIACEAE,"Neoregelia desenganensis",Leme
BROMELIACEAE,"Neoregelia eltoniana",W.Weber
BROMELIACEAE,"Neoregelia fluminensis",L.B.Sm.
BROMELIACEAE,"Neoregelia fosteriana",L.B.Sm.
BROMELIACEAE,"Neoregelia gavionensis","Martinelli & Leme"
BROMELIACEAE,"Neoregelia ilhana",Leme
BROMELIACEAE,"Neoregelia indecora","(Mez) L.B.Sm."
BROMELIACEAE,"Neoregelia kuhlmannii",L.B.Sm.
BROMELIACEAE,"Neoregelia lactea","H.Luther & Leme"
BROMELIACEAE,"Neoregelia leucophoea","(Baker) L.B.Sm."
BROMELIACEAE,"Neoregelia longipedicellata",Leme
BROMELIACEAE,"Neoregelia macahensis","(Ule) L.B.Sm."
BROMELIACEAE,"Neoregelia macwilliamsii",L.B.Sm.
BROMELIACEAE,"Neoregelia martinellii",W.Weber
BROMELIACEAE,"Neoregelia nevaresii","Leme & H.Luther"
BROMELIACEAE,"Neoregelia petropolitana",Leme
BROMELIACEAE,"Neoregelia roethii",W.Weber
BROMELIACEAE,"Neoregelia rubrovittata",Leme
BROMELIACEAE,"Neoregelia sapiatibensis","E.Pereira & I.A.Penna"
BROMELIACEAE,"Neoregelia tenebrosa",Leme
BROMELIACEAE,"Neoregelia uleana",L.B.Sm.
BROMELIACEAE,"Neoregelia watersiana",Leme
BROMELIACEAE,"Nidularium altimontanum",Leme
BROMELIACEAE,"Nidularium angustifolium",Ule
BROMELIACEAE,"Nidularium apiculatum",L.B.Sm.
BROMELIACEAE,"Nidularium atalaiaense","E.Pereira & Leme"
BROMELIACEAE,"Nidularium fradense",Leme
BROMELIACEAE,"Nidularium fulgens",Lem.
BROMELIACEAE,"Nidularium itatiaiae",L.B.Sm.
BROMELIACEAE,"Nidularium mangaratibense",Leme
BROMELIACEAE,"Nidularium organense",Leme
BROMELIACEAE,"Nidularium rosulatum",Ule
BROMELIACEAE,"Nidularium utriculosum",Ule
BROMELIACEAE,"Nidularium viridipetalum",Leme
BROMELIACEAE,"Pitcairnia albiflos",Herb.
BROMELIACEAE,"Pitcairnia beycalema",Beer
BROMELIACEAE,"Pitcairnia corcovadensis",Wawra
BROMELIACEAE,"Pitcairnia encholirioides",L.B.Sm.
BROMELIACEAE,"Pitcairnia insularis","Tatagiba & R.J.V.Alves"
BROMELIACEAE,"Pitcairnia staminea",Lodd.
BROMELIACEAE,"Pitcairnia suaveolens",Lindl.
BROMELIACEAE,"Pitcairnia wendtiae","Tatagiba & B.R.Silva"
BROMELIACEAE,"Quesnelia edmundoi",L.B.Sm.
BROMELIACEAE,"Quesnelia lateralis",Wawra
BROMELIACEAE,"Quesnelia seideliana",L.B.Sm.
BROMELIACEAE,"Tillandsia brachyphylla",Baker
BROMELIACEAE,"Tillandsia carminea",W.Till
BROMELIACEAE,"Tillandsia grazielae","D.Sucre & R.Braga"
BROMELIACEAE,"Tillandsia neglecta",E.Pereira
BROMELIACEAE,"Tillandsia nuptialis","R.Braga & Sucre"
BROMELIACEAE,"Tillandsia organensis",Ehlers
BROMELIACEAE,"Tillandsia reclinata","E.Pereira & Martinelli"
BROMELIACEAE,"Tillandsia roseiflora","Ehlers & W.Weber"
BROMELIACEAE,"Tillandsia sucrei",E.Pereira
BROMELIACEAE,"Tillandsia thiekenii",Ehlers
BROMELIACEAE,"Vriesea altimontana","E.Pereira & Martinelli"
BROMELIACEAE,"Vriesea altomacaensis",A.F.Costa
BROMELIACEAE,"Vriesea atrococcinea",Rauh
BROMELIACEAE,"Vriesea bleherae","Roth & W. Weber"
BROMELIACEAE,"Vriesea botafogensis",Mez
BROMELIACEAE,"Vriesea brassicoides","(Baker) Mez"
BROMELIACEAE,"Vriesea costae","B.R. Silva & Leme"
BROMELIACEAE,"Vriesea croceana","Leme & G.K.Br."
BROMELIACEAE,"Vriesea fidelensis",Leme
BROMELIACEAE,"Vriesea fluminensis",E.Pereira
BROMELIACEAE,"Vriesea fontourae","B.R. Silva"
BROMELIACEAE,"Vriesea fradensis",A.F.Costa
BROMELIACEAE,"Vriesea garlippiana",Leme
BROMELIACEAE,"Vriesea gastiniana","Leme & G.K.Br."
BROMELIACEAE,"Vriesea goniorachis","(Baker) Mez"
BROMELIACEAE,"Vriesea leptantha",Harms
BROMELIACEAE,"Vriesea lidicensis",Reitz
BROMELIACEAE,"Vriesea nubicola",Leme
BROMELIACEAE,"Vriesea pastuchoffiana",Glaz.
BROMELIACEAE,"Vriesea punctulata","E.Pereira & I.A.Penna"
BROMELIACEAE,"Vriesea rubyae",E.Pereira
BROMELIACEAE,"Vriesea saundersii","(Carrière) E.Morren ex Mez"
BROMELIACEAE,"Vriesea serrana","E.Pereira & I.A.Penna"
BROMELIACEAE,"Vriesea sucrei","L.B.Sm. & Read"
BROMELIACEAE,"Vriesea teresopolitana",Leme
BROMELIACEAE,"Vriesea thyrsoidea",Mez
BROMELIACEAE,"Vriesea triligulata",Mez
BROMELIACEAE,"Vriesea vidalii","L.B.Sm. & Handro"
BROMELIACEAE,"Vriesea warmingii",E.Morren
BROMELIACEAE,"Vriesea zildae","R. Moura & A. F. Costa"
BURSERACEAE,"Tetragastris breviacuminata",Swart
CACTACEAE,"Pilosocereus ulei","(K.Schum.) Byles & G.D.Rowley"
CACTACEAE,"Rhipsalis flagelliformis","N.P.Taylor & Zappi"
CACTACEAE,"Rhipsalis mesembryanthemoides",Haw.
CACTACEAE,"Rhipsalis ormindoi","N.P.Taylor & Zappi"
CACTACEAE,"Rhipsalis pentaptera",A.Dietr.
CALOPHYLLACEAE,"Kielmeyera excelsa",Cambess.
CALOPHYLLACEAE,"Kielmeyera gracilis",Wawra
CALOPHYLLACEAE,"Kielmeyera insignis",Saddi
CAMPANULACEAE,"Lobelia glazioviana",Zahlbr.
CAMPANULACEAE,"Lobelia santos-limae",Brade
CAMPANULACEAE,"Siphocampylus viscidus",E.Wimm.
CANELLACEAE,"Cinnamodendron sampaioanum",Occhioni
CAPPARACEAE,"Neocalyptrocalyx eichleriana","(Urb.) Iltis & Cornejo"
CELASTRACEAE,"Maytenus basidentata",Reissek
CELASTRACEAE,"Maytenus samydaeformis",Reissek
CEPHALOZIELLACEAE,"Cylindrocolea brasiliensis","Costa et al."
CHRYSOBALANACEAE,"Couepia parvifolia",Prance
CHRYSOBALANACEAE,"Hirtella barrosoi",Prance
CHRYSOBALANACEAE,"Licania glazioviana",Warm.
CLUSIACEAE,"Clusia fragrans",Gardner
CLUSIACEAE,"Clusia immersa",C.M.Vieira
CLUSIACEAE,"Clusia studartiana","C.M.Vieira & Gomes da Silva"
CLUSIACEAE,"Garcinia calyptrata","(Schltdl.) Bittrich"
COMBRETACEAE,"Terminalia acuminata","(Allemão) Eichler"
COMMELINACEAE,"Dichorisandra fluminensis",Brade
COMMELINACEAE,"Dichorisandra gaudichaudiana",Kunth
COMMELINACEAE,"Dichorisandra nana","Aona & M.C.E.Amaral"
COMMELINACEAE,"Dichorisandra odorata","Aona & M.C.E.Amaral"
COMMELINACEAE,"Dichorisandra oxypetala",Hook.
COMMELINACEAE,"Siderasis fuscata","(Lodd.) H.E.Moore"
CONNARACEAE,"Connarus marginatus",Planch.
CONVOLVULACEAE,"Bonamia umbellata","(Choisy) Hallier f."
CUCURBITACEAE,"Gurania cogniauxiana",Barb.Rodr.
CUCURBITACEAE,"Wilbrandia glaziovii",Cogn.
CYPERACEAE,"Hypolytrum glaziovii",Boeckeler
CYPERACEAE,"Rhynchospora luetzelburgiana",Kük.
CYPERACEAE,"Rhynchospora sampaioana",Gross
CYPERACEAE,"Trilepis tenuis",Vitta
DICHAPETALACEAE,"Stephanopodium sessile",Rizzini
DICRANACEAE,"Dicranoloma brasiliense",Herzog
DILLENIACEAE,"Davilla glaziovii",Eichler
DIOSCOREACEAE,"Dioscorea bradei",R.Knuth
DIOSCOREACEAE,"Dioscorea campanulata","Uline ex R.Knuth"
DIOSCOREACEAE,"Dioscorea itatiaiensis",R.Knuth
DIOSCOREACEAE,"Dioscorea margarethia","G.M.Barroso et al."
DIOSCOREACEAE,"Dioscorea oppositiflora",Griseb.
DIOSCOREACEAE,"Dioscorea organensis",R.Knuth
DIOSCOREACEAE,"Dioscorea pedalis","(Uline ex R. Knuth) R. Couto & J. M. A. Braga"
DIOSCOREACEAE,"Dioscorea pumilio",Griseb.
DIOSCOREACEAE,"Dioscorea septemnervis",Vell.
DIOSCOREACEAE,"Dioscorea sphaeroidea","R. Couto & J. M. A. Braga"
DRYOPTERIDACEAE,"Ctenitis flexuosa","(Fée) Copel."
DRYOPTERIDACEAE,"Elaphoglossum mourae",Brade
ERICACEAE,"Agarista organensis","(Gardner) Hook. ex Nied."
ERICACEAE,"Agarista uleana","(Sleumer) Judd"
ERICACEAE,"Gaylussacia pruinosa",Loes.
ERICACEAE,"Gaylussacia retivenia",Sleumer
ERIOCAULACEAE,"Paepalanthus ovatus",Körn.
ERYTHROXYLACEAE,"Erythroxylum cincinnatum",Mart.
ERYTHROXYLACEAE,"Erythroxylum gaudichaudii",Peyr.
ERYTHROXYLACEAE,"Erythroxylum glazioui",O.E.Schulz
ERYTHROXYLACEAE,"Erythroxylum lancifolium",Peyr.
ERYTHROXYLACEAE,"Erythroxylum magnoliifolium",A.St.-Hil.
ERYTHROXYLACEAE,"Erythroxylum occultum",Plowman
ERYTHROXYLACEAE,"Erythroxylum ovalifolium",Peyr.
EUPHORBIACEAE,"Acalypha ampliata","Pax & K.Hoffm."
EUPHORBIACEAE,"Acalypha aspericocca","Pax & K.Hoffm."
EUPHORBIACEAE,"Acalypha peckoltii",Müll.Arg.
EUPHORBIACEAE,"Acalypha pohliana",Müll.Arg.
EUPHORBIACEAE,"Acalypha radicans",Müll.Arg.
EUPHORBIACEAE,"Acalypha subsana","Mart. ex Colla"
EUPHORBIACEAE,"Actinostemon mandiocanus","(Müll.Arg.) Pax"
EUPHORBIACEAE,"Algernonia gibbosa","(Pax & K.Hoffm.) Emmerich"
EUPHORBIACEAE,"Algernonia glazioui",Emmerich
EUPHORBIACEAE,"Algernonia paulae",Emmerich
EUPHORBIACEAE,"Bernardia brevipes",Müll.Arg.
EUPHORBIACEAE,"Caperonia velloziana",Müll.Arg.
EUPHORBIACEAE,"Croton nigricans","(Mart. ex Schltdl.) Radcl.-Sm. & Govaerts"
EUPHORBIACEAE,"Croton tenuicaulis","van Ee & P.E. Berry"
EUPHORBIACEAE,"Dalechampia granadilla",Baill.
EUPHORBIACEAE,"Euphorbia laevigata",Lam.
EUPHORBIACEAE,"Euphorbia sabulicola",Boiss.
EUPHORBIACEAE,"Manihot corymbiflora","Pax & K.Hoffm."
EUPHORBIACEAE,"Ophthalmoblapton macrophyllum",Allemão
EUPHORBIACEAE,"Sebastiania pteroclada","(Müll.Arg.) Müll.Arg."
EUPHORBIACEAE,"Tragia peltata",Vell.
FABACEAE,"Aeschynomene bradei",Rudd
FABACEAE,"Bauhinia albicans",Vogel
FABACEAE,"Dahlstedtia glaziovii","(Taub.) M.J. Silva & A.M.G. Azevedo"
FABACEAE,"Dahlstedtia grandiflora","(A.M.G. Azevedo) M.J. Silva & A.M.G. Azevedo"
FABACEAE,"Dalbergia glaziovii",Harms
FABACEAE,"Inga arenicola",T.D.Penn.
FABACEAE,"Inga enterolobioides",T.D.Penn.
FABACEAE,"Luetzelburgia trialata","(Ducke) Ducke"
FABACEAE,"Lupinus dusenianus",C.P.Sm.
FABACEAE,"Lupinus hasslerianus",C.P.Sm.
FABACEAE,"Lupinus russellianus",C.P.Sm.
FABACEAE,"Machaerium firmum","(Vell.) Benth."
FABACEAE,"Machaerium legale","(Vell.) Benth."
FABACEAE,"Machaerium macaense","C.V. Mendonça, A.M.G. Azevedo & H.C. Lima"
FABACEAE,"Machaerium obovatum","Kuhlm. & Hoehne"
FABACEAE,"Martiodendron fluminense",Lombardi
FABACEAE,"Mimosa ernestii",Harms
FABACEAE,"Mimosa glazioui",Benth.
FABACEAE,"Moldenhawera polysperma","(Vell.) Stellfeld"
FABACEAE,"Ormosia altimontana","J.E. Mereles & H.C. Lima"
FABACEAE,"Peltogyne mattosiana",Rizzini
FABACEAE,"Piptadenia laxipinna",G.M.Barroso
FABACEAE,"Piptadenia polyptera",Benth.
FABACEAE,"Poecilanthe fluminensis","J.E. Mereles & H.C. Lima"
FABACEAE,"Senegalia miersii","(Benth.) Seigler & Ebinger"
FABACEAE,"Senegalia mikanii","(Benth.) Seigler & Ebinger"
FABACEAE,"Swartzia glazioviana","(Taub.) Glaz."
FABACEAE,"Swartzia submontana","R. B. Pinto, Torke & Mansano"
FABACEAE,"Tachigali beaurepairei","(Harms) L.G.Silva & H.C.Lima"
FABACEAE,"Zollernia glaziovii",Yakovlev
GENTIANACEAE,"Prepusa alata","Porto & Brade"
GENTIANACEAE,"Prepusa connata",Gardner
GENTIANACEAE,"Prepusa hookeriana",Gardner
GERANIACEAE,"Geranium brasiliense",Progel
GESNERIACEAE,"Besleria fluminensis",Brade
GESNERIACEAE,"Besleria melancholica","(Vell.) C.V.Morton"
GESNERIACEAE,"Nematanthus mirabilis","(Handro) Chautems"
GESNERIACEAE,"Nematanthus pycnophyllus","Chautems et al."
GESNERIACEAE,"Nematanthus serpens","(Vell.) Chautems"
GESNERIACEAE,"Sinningia bulbosa","(Ker Gawl.) Wiehler"
GESNERIACEAE,"Sinningia cardinalis","(Lehm.) H.E.Moore"
GESNERIACEAE,"Sinningia cochlearis","(Hook.) Chautems"
GESNERIACEAE,"Sinningia gesneriifolia","(Hanst.) Clayberg"
GESNERIACEAE,"Sinningia guttata",Lindl.
GESNERIACEAE,"Sinningia helleri",Nees
GESNERIACEAE,"Sinningia hirsuta","(Lindl.) G.Nicholson"
GESNERIACEAE,"Sinningia lateritia","(Lindl.) Chautems"
GESNERIACEAE,"Sinningia lindleyi",Schauer
GESNERIACEAE,"Sinningia muscicola","Chautems, T. Lopes & M. Peixoto"
GESNERIACEAE,"Sinningia pusilla","(Mart.) Baill."
GESNERIACEAE,"Vanhouttea bradeana",Hoehne
GESNERIACEAE,"Vanhouttea fruticulosa","(Glaz. ex Hoehne) Chautems"
GESNERIACEAE,"Vanhouttea gardneri","(Hook.) Fritsch"
GESNERIACEAE,"Vanhouttea lanata",Fritsch
HELICONIACEAE,"Heliconia pseudoaemygdiana","Emygdio & E.Santos"
IRIDACEAE,"Neomarica itatiaica","(Ravenna) A. Gil"
IRIDACEAE,"Neomarica longifolia","(Link & Otto) Sprague"
IRIDACEAE,"Neomarica northiana","(Schneev.) Sprague"
IRIDACEAE,"Neomarica silvestris","(Vell.) Chukr"
IRIDACEAE,"Trimezia organensis",Ravenna
ISOETACEAE,"Isoetes goebelii",U.Weber
ISOETACEAE,"Isoetes organensis",U.Weber
ISOETACEAE,"Isoetes ulei",U.Weber
LAMIACEAE,"Hyptis cymulosa",Benth.
LAMIACEAE,"Salvia benthamiana",Gardner
LAMIACEAE,"Salvia longibracteolata",E.P.Santos
LAMIACEAE,"Salvia rivularis",Gardner
LAMIACEAE,"Scutellaria tubiflora",Benth.
LAURACEAE,"Aniba pedicellata",Kosterm.
LAURACEAE,"Beilschmiedia angustifolia",Kosterm.
LAURACEAE,"Beilschmiedia stricta",Kosterm.
LAURACEAE,"Endlicheria balsamea",Vattimo-Gil
LAURACEAE,"Mezilaurus navalium","(Allemão) Taub. ex Mez"
LAURACEAE,"Nectandra spicata",Meisn.
LAURACEAE,"Ocotea abbreviata","Schwacke & Mez"
LAURACEAE,"Ocotea leucophloea","(Nees et Mart.) L.C.S. Assis e Mello-Silva"
LAURACEAE,"Ocotea schwackeana",Mez
LAURACEAE,"Ocotea sinaiana",Vattimo-Gil
LAURACEAE,"Ocotea sulcata",Vattimo-Gil
LECYTHIDACEAE,"Couratari pyramidata","(Vell.) Kunth"
LEJEUNEACEAE,"Colura itatyana",Steph.
LENTIBULARIACEAE,"Utricularia geminiloba",Benj.
LOGANIACEAE,"Strychnos dantaensis","E.A. Manoel, Carrijo & E.F. Gim."
LOGANIACEAE,"Strychnos jacarepiensis","E.A.Manoel & E.F.Guim."
LORANTHACEAE,"Psittacanthus pluricotyledonarius",Rizzini
LORANTHACEAE,"Struthanthus armandianus",Rizzini
LORANTHACEAE,"Struthanthus dorothyi",Rizzini
LORANTHACEAE,"Struthanthus harlingianus",Rizzini
LORANTHACEAE,"Struthanthus involucratus",Rizzini
LORANTHACEAE,"Struthanthus maricensis","Rizzini ex Profice"
LORANTHACEAE,"Struthanthus pentamerus",Rizzini
MALPIGHIACEAE,"Banisteriopsis magdalenensis",B.Gates
MALPIGHIACEAE,"Bronwenia peckoltii","W.R.Anderson & C.C.Davis"
MALPIGHIACEAE,"Heteropterys occhionii",Amorim
MALPIGHIACEAE,"Heteropterys ternstroemiifolia",A.Juss.
MALPIGHIACEAE,"Janusia diminuta","R.Sebast. & Mamede"
MALPIGHIACEAE,"Stigmaphyllon affine",A.Juss.
MALPIGHIACEAE,"Stigmaphyllon carautae",C.E.Anderson
MALVACEAE,"Abutilon anodoides","A.St.-Hil. & Naudin"
MALVACEAE,"Abutilon esculentum",A.St.-Hil.
MALVACEAE,"Abutilon hirsutum","(Vell.) K.Schum."
MALVACEAE,"Abutilon macrophyllum","A.St.-Hil. & Naudin"
MALVACEAE,"Byttneria beyrichiana",K.Schum.
MALVACEAE,"Callianthe glaziovii","(K. Schum.) Donnel"
MALVACEAE,"Callianthe sellowiana","(Klotzsch) Donnel"
MALVACEAE,"Callianthe senilis","(K. Schum) Donnel"
MALVACEAE,"Gaya gaudichaudiana",A.St.-Hil.
MALVACEAE,"Sida petropolitana",Mont.
MALVACEAE,"Sida sampaiana",Mont.
MARANTACEAE,"Goeppertia dorothyae","(J.M.A. Braga & H. Kenn.) J.M.A. Braga"
MARANTACEAE,"Goeppertia fatimae","(H.Kenn. & J.M.A.Braga) Borchs. & S.Suárez"
MARANTACEAE,"Goeppertia grazielae","(H.Kenn. & J.M.A.Braga) Borchs. & S.Suárez"
MARANTACEAE,"Goeppertia reginae","(J.M.A.Braga) Borchs. & S.Suárez"
MARANTACEAE,"Goeppertia sphaerocephala","(K.Schum.) Borchs. & S.Suárez"
MARANTACEAE,"Thalia petersiana","K. Schum."
MARCGRAVIACEAE,"Marcgravia comosa",C.Presl
MARCGRAVIACEAE,"Souroubea platyadenia","(Gilg) de Roon"
MELASTOMATACEAE,"Behuria cordifolia",Cogn.
MELASTOMATACEAE,"Behuria corymbosa",Cogn.
MELASTOMATACEAE,"Behuria edmundoi",Brade
MELASTOMATACEAE,"Behuria glazioviana",Cogn.
MELASTOMATACEAE,"Behuria huberioides",Brade
MELASTOMATACEAE,"Behuria limae",Brade
MELASTOMATACEAE,"Behuria magdalenensis","(Brade) R.Tav. & Baumgratz"
MELASTOMATACEAE,"Behuria mouraei",Cogn.
MELASTOMATACEAE,"Behuria organensis","(Saldanha & Cogn.) R.Tav. & Baumgratz"
MELASTOMATACEAE,"Bertolonia grazielae",Baumgratz
MELASTOMATACEAE,"Bertolonia valenteana",Baumgratz
MELASTOMATACEAE,"Bisglaziovia behurioides",Cogn.
MELASTOMATACEAE,"Clidemia raddiana",Cogn.
MELASTOMATACEAE,"Huberia minor",Cogn.
MELASTOMATACEAE,"Huberia parvifolia",Cogn.
MELASTOMATACEAE,"Huberia triplinervis",Cogn.
MELASTOMATACEAE,"Itatiaia cleistopetala","(Ule) Ule"
MELASTOMATACEAE,"Leandra alpestris","(Gardner) Cogn."
MELASTOMATACEAE,"Leandra altomacaensis","Baumgratz & D`El Rei Souza"
MELASTOMATACEAE,"Leandra atrata",Cogn.
MELASTOMATACEAE,"Leandra atroviridis",Cogn.
MELASTOMATACEAE,"Leandra breviflora",Cogn.
MELASTOMATACEAE,"Leandra chaetocalyx","(A.Gray) Cogn."
MELASTOMATACEAE,"Leandra dentata",Cogn.
MELASTOMATACEAE,"Leandra depauperata","Cogn. ex Kuntze"
MELASTOMATACEAE,"Leandra freyreissii",Cogn.
MELASTOMATACEAE,"Leandra laxa",Cogn.
MELASTOMATACEAE,"Leandra magdalenensis",Brade
MELASTOMATACEAE,"Leandra markgrafii",Brade
MELASTOMATACEAE,"Leandra mollis",Cogn.
MELASTOMATACEAE,"Leandra mouraei",Cogn.
MELASTOMATACEAE,"Leandra multisetosa",Cogn.
MELASTOMATACEAE,"Leandra niangaeformis",Cogn.
MELASTOMATACEAE,"Leandra organensis",Cogn.
MELASTOMATACEAE,"Leandra rubida",Cogn.
MELASTOMATACEAE,"Leandra saldanhaei",Cogn.
MELASTOMATACEAE,"Leandra schwackei",Cogn.
MELASTOMATACEAE,"Leandra sessiliflora",Cogn.
MELASTOMATACEAE,"Leandra sphaerocarpa",Cogn.
MELASTOMATACEAE,"Leandra tetragona",Cogn.
MELASTOMATACEAE,"Meriania excelsa","(Gardner) Cogn."
MELASTOMATACEAE,"Meriania glabra","(DC.) Triana"
MELASTOMATACEAE,"Meriania glazioviana",Cogn.
MELASTOMATACEAE,"Meriania longipes",Triana
MELASTOMATACEAE,"Meriania robusta",Cogn.
MELASTOMATACEAE,"Miconia augusti",Cogn.
MELASTOMATACEAE,"Miconia cinerea",Cogn.
MELASTOMATACEAE,"Miconia dichroa",Cogn.
MELASTOMATACEAE,"Miconia eichleri",Cogn.
MELASTOMATACEAE,"Miconia elaeodendron","(DC.) Naudin"
MELASTOMATACEAE,"Miconia fluminensis",Ule
MELASTOMATACEAE,"Miconia gigantea",Cogn.
MELASTOMATACEAE,"Miconia gilva",Cogn.
MELASTOMATACEAE,"Miconia glazioviana",Cogn.
MELASTOMATACEAE,"Miconia klotzschii",Triana
MELASTOMATACEAE,"Miconia laeta",Cogn.
MELASTOMATACEAE,"Miconia oblongifolia",Cogn.
MELASTOMATACEAE,"Miconia ovalifolia",Cogn.
MELASTOMATACEAE,"Miconia ovata",Cogn.
MELASTOMATACEAE,"Miconia penduliflora",Cogn.
MELASTOMATACEAE,"Miconia pseudoeichleri",Cogn.
MELASTOMATACEAE,"Miconia rabenii",Cogn.
MELASTOMATACEAE,"Miconia subvernicosa",Cogn.
MELASTOMATACEAE,"Mouriri arenicola",Morley
MELASTOMATACEAE,"Pleiochiton glaziovianum",Cogn.
MELASTOMATACEAE,"Pleiochiton longipetiolatum",Brade
MELASTOMATACEAE,"Pleiochiton magdalenense",Brade
MELASTOMATACEAE,"Pleiochiton micranthum",Cogn.
MELASTOMATACEAE,"Pleiochiton parvifolium",Cogn.
MELASTOMATACEAE,"Tibouchina alata",Cogn.
MELASTOMATACEAE,"Tibouchina axillaris",Cogn.
MELASTOMATACEAE,"Tibouchina benthamiana","(Gardner) Cogn."
MELASTOMATACEAE,"Tibouchina cordifolia",Cogn.
MELASTOMATACEAE,"Tibouchina cristata",Brade
MELASTOMATACEAE,"Tibouchina discolor",Brade
MELASTOMATACEAE,"Tibouchina elegans","(Gardner) Cogn."
MELASTOMATACEAE,"Tibouchina hirsutissima",Cogn.
MELASTOMATACEAE,"Tibouchina maximiliana","(DC.) Baill."
MELASTOMATACEAE,"Tibouchina pallida",Cogn.
MELASTOMATACEAE,"Tibouchina schwackei",Cogn.
MELASTOMATACEAE,"Tibouchina thereminiana","(DC.) Cogn."
MELASTOMATACEAE,"Tibouchina virgata","(Gardner) Cogn."
MELIACEAE,"Trichilia luciae",Barreiros
MONIMIACEAE,"Grazielanthus arkeocarpus","Peixoto & Per.-Moura"
MONIMIACEAE,"Macropeplus friburgensis","(Perkins) I.Santos & Peixoto"
MONIMIACEAE,"Mollinedia acutissima",Perkins
MONIMIACEAE,"Mollinedia corcovadensis",Perkins
MONIMIACEAE,"Mollinedia longicuspidata",Perkins
MONIMIACEAE,"Mollinedia marliae","Peixoto & V. Pereira"
MONIMIACEAE,"Mollinedia stenophylla",Perkins
MORACEAE,"Dorstenia brevipetiolata",C.C.Berg
MORACEAE,"Dorstenia fischeri",Bureau
MORACEAE,"Sorocea carautana","M.D.M.Vianna et al."
MYRTACEAE,"Calyptranthes anceps",O.Berg
MYRTACEAE,"Calyptranthes aromatica",A.St.-Hil.
MYRTACEAE,"Calyptranthes bimarginata",O.Berg
MYRTACEAE,"Calyptranthes caudata",Gardner
MYRTACEAE,"Calyptranthes grandiflora",O.Berg
MYRTACEAE,"Calyptranthes martiusiana",DC.
MYRTACEAE,"Calyptranthes ursina","Barroso & Peixoto"
MYRTACEAE,"Campomanesia fruticosa","(Vell.) O.Berg"
MYRTACEAE,"Campomanesia hirsuta",Gardner
MYRTACEAE,"Campomanesia lundiana","(Kiaersk.) Mattos"
MYRTACEAE,"Campomanesia mediterranea","(Vell.) O.Berg"
MYRTACEAE,"Campomanesia terminalis","(Vell.) Mattos"
MYRTACEAE,"Eugenia arrabidae",O.Berg
MYRTACEAE,"Eugenia arvensis",Vell.
MYRTACEAE,"Eugenia augustana",Kiaersk.
MYRTACEAE,"Eugenia brachysepala",Kiaersk.
MYRTACEAE,"Eugenia cambucae",Mattos
MYRTACEAE,"Eugenia cinerascens",Gardner
MYRTACEAE,"Eugenia coccifera",O.Berg
MYRTACEAE,"Eugenia corcovadensis",Kiaersk.
MYRTACEAE,"Eugenia crenata",Vell.
MYRTACEAE,"Eugenia decussata","(Vell.) Mattos"
MYRTACEAE,"Eugenia expansa","Spring ex Mart."
MYRTACEAE,"Eugenia grandifolia",O.Berg
MYRTACEAE,"Eugenia grazielae","Mattos & D.Legrand"
MYRTACEAE,"Eugenia irirensis",O.Berg
MYRTACEAE,"Eugenia itaguahiensis",Nied.
MYRTACEAE,"Eugenia kuhlmanniana","Mattos & D.Legrand"
MYRTACEAE,"Eugenia marambaiensis","M.C.Souza & M.P.Lima"
MYRTACEAE,"Eugenia oxyoentophylla",Kiaersk.
MYRTACEAE,"Eugenia strellensis",O.Berg
MYRTACEAE,"Eugenia strigipes",O.Berg
MYRTACEAE,"Eugenia violascens",O.Berg
MYRTACEAE,"Marlierea capitata",O.Berg
MYRTACEAE,"Marlierea choriophylla",Kiaersk.
MYRTACEAE,"Marlierea estrellensis",O.Berg
MYRTACEAE,"Marlierea guanabarina","Mattos & D.Legrand"
MYRTACEAE,"Marlierea langsdorffii",O.Berg
MYRTACEAE,"Marlierea martinellii","G.M.Barroso & Peixoto"
MYRTACEAE,"Marlierea occhionii",D.Legrand
MYRTACEAE,"Marlierea resupinata","(Vell.) O.Berg"
MYRTACEAE,"Marlierea sessiliflora",O.Berg
MYRTACEAE,"Marlierea silvestris","(Vell.) Mattos"
MYRTACEAE,"Myrcia badia","(O.Berg) N.Silveira"
MYRTACEAE,"Myrcia dolichopetala",Kiaersk.
MYRTACEAE,"Myrcia magnifolia","(O.Berg) Kiaersk."
MYRTACEAE,"Myrcia neocambessedeana","E.Lucas & Sobral"
MYRTACEAE,"Myrcia stewartiana",O.Berg
MYRTACEAE,"Myrcia velutiflora","(Mattos & D.Legrand) Mattos"
MYRTACEAE,"Myrcia warmingiana",Kiaersk.
MYRTACEAE,"Myrciaria pumila","(Gardner) O.Berg"
MYRTACEAE,"Neomitranthes apiculata","(Burret) Mattos"
MYRTACEAE,"Neomitranthes riedeliana","(O.Berg) Mattos"
MYRTACEAE,"Plinia anonyma",Sobral
MYRTACEAE,"Plinia ilhensis",G.M.Barroso
MYRTACEAE,"Plinia marqueteana",G.M.Barroso
MYRTACEAE,"Plinia martinellii","G.M.Barroso & M.Peron"
MYRTACEAE,"Plinia sebastianopolitana",G.M.Barroso
MYRTACEAE,"Psidium anthomega",Vell.
MYRTACEAE,"Psidium arboreum",Vell.
OCHNACEAE,"Luxemburgia glazioviana","(Engl.) Beauverd"
OCHNACEAE,"Ouratea campos-portoi",Sleumer
OCHNACEAE,"Ouratea grandifolia","(Planch.) Engl."
OCHNACEAE,"Ouratea miersii","(Planch.) Engl."
OCHNACEAE,"Ouratea polita","(C.Presl) Engl."
OCHNACEAE,"Ouratea stipulata","(Vell.) Engl."
OLACACEAE,"Cathedra grandiflora",Loes.
OLACACEAE,"Dulacia singularis",Vell.
OLEACEAE,"Chionanthus fluminensis","(Miers) P.S.Green"
OLEACEAE,"Chionanthus tenuis",P.S.Green
ONAGRACEAE,"Fuchsia alpestris",Gardner
ONAGRACEAE,"Fuchsia campos-portoi","Pilg. & Schulze-Menz"
ONAGRACEAE,"Fuchsia glazioviana",Taub.
OPILIACEAE,"Agonandra fluminensis","Rizzini & Occhioni"
ORCHIDACEAE,"Acianthera bidentata","(Lindl.) F.Barros & L.Guimarães"
ORCHIDACEAE,"Acianthera exdrasii","(Luer & Toscano) Luer"
ORCHIDACEAE,"Acianthera pavimentata","(Rchb.f.) Pridgeon & M.W.Chase"
ORCHIDACEAE,"Acianthera subrotundifolia","(Cogn.) F.Barros & V.T.Rodrigues"
ORCHIDACEAE,"Anathallis flammea","(Barb.Rodr.) F.Barros"
ORCHIDACEAE,"Anathallis githaginea","(Pabst & Garay) Pridgeon & M.W.Chase"
ORCHIDACEAE,"Anathallis lichenophila","(Porto & Brade) Luer"
ORCHIDACEAE,"Anathallis pubipetala","(Hoehne) Pridgeon & M.W.Chase"
ORCHIDACEAE,"Anathallis rubrolimbata","(Hoehne) F.Barros & Barberena"
ORCHIDACEAE,"Anathallis spannageliana","(Hoehne) Pridgeon & M.W.Chase"
ORCHIDACEAE,"Baptistonia pulchella","(Regel) Chiron & V.P.Castro"
ORCHIDACEAE,"Barbosella macaheensis","(Cogn.) Luer"
ORCHIDACEAE,"Brasilaelia fidelensis","(Pabst) Gutfreund"
ORCHIDACEAE,"Brasilidium dasytyle","(Rchb.f.) F.Barros & V.T.Rodrigues"
ORCHIDACEAE,"Brasiliorchis heismanniana","(Barb.Rodr.) R.B.Singer et al."
ORCHIDACEAE,"Brasiliorchis polyantha","(Barb.Rodr.) R.B.Singer et al."
ORCHIDACEAE,"Bulbophyllum macroceras",Barb.Rodr.
ORCHIDACEAE,"Campylocentrum calostachyum","(Barb. Rodr.) Cogn."
ORCHIDACEAE,"Campylocentrum organense","(Rchb.f.) Rolfe"
ORCHIDACEAE,"Catasetum globiflorum",Hook.
ORCHIDACEAE,"Cattleya dormaniana",Rchb.f.
ORCHIDACEAE,"Centroglossa greeniana","(Rchb.f.) Cogn."
ORCHIDACEAE,"Cleistes liliastrum",Rchb.f.
ORCHIDACEAE,"Cleistes miersii",Gardner
ORCHIDACEAE,"Coppensia edmundoi","(Pabst) Campacci"
ORCHIDACEAE,"Cyclopogon gardneri","Mytnik et al."
ORCHIDACEAE,"Cyclopogon proboscideus",Szlach.
ORCHIDACEAE,"Cyclopogon venustus","(Barb.Rodr) Schltr."
ORCHIDACEAE,"Encyclia viridiflora",Hook.
ORCHIDACEAE,"Epidendrum ammophilum",Barb.Rodr.
ORCHIDACEAE,"Epidendrum goebelii",Schltr.
ORCHIDACEAE,"Epidendrum harrisoniae",Hook.
ORCHIDACEAE,"Epistephium portellianum",Barb.Rodr.
ORCHIDACEAE,"Eurystyles lobata","Chiron & V.P.Castro"
ORCHIDACEAE,"Eurystyles rutkowskiana",Szlach.
ORCHIDACEAE,"Gomesa messmeriana","(Campacci) Laitano"
ORCHIDACEAE,"Habenaria gnoma",Barb.Rodr.
ORCHIDACEAE,"Hadrolaelia acuensis","(Fowlie) Chiron & V.P.Castro"
ORCHIDACEAE,"Hapalorchis cymbirostris",Szlach.
ORCHIDACEAE,"Hapalorchis panduratus",Szlach.
ORCHIDACEAE,"Hoffmannseggella alvaroana","(F.E.L.Miranda) V.P.Castro & Chiron"
ORCHIDACEAE,"Lankesterella parvula","(Kraenzl.) Pabst"
ORCHIDACEAE,"Lankesterella pilosa","(Cogn.) Hoehne"
ORCHIDACEAE,"Lankesterella spannageliana","(Hoehne & Brade) Mansf."
ORCHIDACEAE,"Maxillaria pterocarpa",Barb.Rodr.
ORCHIDACEAE,"Miltonia flava",Lindl.
ORCHIDACEAE,"Octomeria aetheoantha",Barb.Rodr.
ORCHIDACEAE,"Octomeria cariocana",Pabst
ORCHIDACEAE,"Octomeria cochlearis",Rchb.f.
ORCHIDACEAE,"Octomeria fimbriata","Porto & Peixoto"
ORCHIDACEAE,"Octomeria helvola",Barb.Rodr.
ORCHIDACEAE,"Octomeria itatiaiae","Brade & Pabst"
ORCHIDACEAE,"Octomeria minuta",Cogn.
ORCHIDACEAE,"Octomeria multiflora",Barb.Rodr.
ORCHIDACEAE,"Octomeria pumila",Seehawer
ORCHIDACEAE,"Octomeria rodeiensis",Barb.Rodr.
ORCHIDACEAE,"Octomeria rodriguesii",Cogn.
ORCHIDACEAE,"Octomeria sarcophylla",Barb.Rodr.
ORCHIDACEAE,"Pabstia placanthera","(Hook.) Garay"
ORCHIDACEAE,"Pabstiella calcarata","(Cogn.) Luer"
ORCHIDACEAE,"Pabstiella crassicaulis","(Barb.Rodr.) Luer"
ORCHIDACEAE,"Pabstiella elegantula","(Cogn.) Luer"
ORCHIDACEAE,"Pabstiella gracilicaulis","(Seehawer) Luer"
ORCHIDACEAE,"Pabstiella spathuliglossa","(Hoehne) Luer"
ORCHIDACEAE,"Pabstiella tabacina","(Barb.Rodr.) Luer"
ORCHIDACEAE,"Pelexia longibracteata",Pabst
ORCHIDACEAE,"Pelexia luetzelburgii",Schltr.
ORCHIDACEAE,"Pelexia mouraei",Schltr.
ORCHIDACEAE,"Phymatidium limae","Porto & Brade"
ORCHIDACEAE,"Pleurothallis jacarepaguaensis",Barb.Rodr.
ORCHIDACEAE,"Prescottia spiranthophylla",Barb.Rodr.
ORCHIDACEAE,"Prosthechea serpentilingua","Withner & D.G.Hunt"
ORCHIDACEAE,"Pygmaeorchis brasiliensis",Brade
ORCHIDACEAE,"Rauhiella brasiliensis","Pabst & Braga"
ORCHIDACEAE,"Rauhiella seehaweri","(I.Bock) Toscano & Christenson"
ORCHIDACEAE,"Rodriguezia bifolia",Barb.Rodr.
ORCHIDACEAE,"Rodriguezia leucantha",Barb.Rodr.
ORCHIDACEAE,"Rodriguezia sucrei",Braga
ORCHIDACEAE,"Sarcoglottis veyretiae",Szlach.
ORCHIDACEAE,"Sauroglossum odoratum",Robatsch
ORCHIDACEAE,"Sauroglossum organense",Szlach.
ORCHIDACEAE,"Specklinia hymenantha","(Lindl.) F.Barros & V.T.Rodrigues"
ORCHIDACEAE,"Stelis palmeiraensis",Barb.Rodr.
ORCHIDACEAE,"Trigonidium turbinatum",Rchb.f.
ORCHIDACEAE,"Vanilla dungsii",Pabst
ORCHIDACEAE,"Zygostates ovatipetala","(Brade) Toscano"
OROBANCHACEAE,"Magdalenaea limae",Brade
PASSIFLORACEAE,"Passiflora farneyi","Pessoa & Cervi"
PASSIFLORACEAE,"Passiflora imbeana",Sacco
PHYLLANTHACEAE,"Phyllanthus itatiaiensis",Brade
PHYLLANTHACEAE,"Phyllanthus mocotensis",G.L.Webster
PHYLLANTHACEAE,"Phyllanthus rosmarinifolius",Müll.Arg.
PICRAMNIACEAE,"Picramnia grandifolia",Engl.
PIPERACEAE,"Peperomia arbuscula",Yunck.
PIPERACEAE,"Peperomia bradei",Yunck.
PIPERACEAE,"Peperomia humifusa",Yunck.
PIPERACEAE,"Peperomia papillispica",C.DC.
PIPERACEAE,"Peperomia pubipeduncula",Yunck.
PIPERACEAE,"Peperomia riedeliana",Regel
PIPERACEAE,"Piper crebrinodum",C.DC.
PIPERACEAE,"Piper emygdioi",Yunck.
PIPERACEAE,"Piper giordanoi","E.F.Guim. & D.Monteiro"
PIPERACEAE,"Piper halesiifolium",Kunth
PIPERACEAE,"Piper lundii",C.DC.
PIPERACEAE,"Piper morisonianum",C.DC.
PIPERACEAE,"Piper niteroiense",Yunck.
PIPERACEAE,"Piper rioense",Yunck.
PIPERACEAE,"Piper rumicifolium","(Miq.) C.DC."
PIPERACEAE,"Piper saldanhai",Yunck.
PIPERACEAE,"Piper translucens",Yunck.
PIPERACEAE,"Piper trigonodrupum",Yunck.
PIPERACEAE,"Piper weddellii",C.DC.
PLANTAGINACEAE,"Achetaria latifolia",V.C.Souza
PLANTAGINACEAE,"Ildefonsia bibracteata",Gardner
POACEAE,"Apochloa tijucae","(Renvoize) Zuloaga & Morrone"
POACEAE,"Chusquea tenuis","Glaz. ex E.G.Camus"
POACEAE,"Chusquea wilkesii",Munro
POACEAE,"Dichanthelium cucaense","(Zuloaga & Morrone) Zuloaga"
POACEAE,"Dichanthelium itatiaiae","(Swallen) Zuloaga"
POACEAE,"Dichanthelium petropolitanum","(Zuloaga & Morrone) Zuloaga"
POACEAE,"Renvoizea glaziovii","(Hack.) Zuloaga & Morrone"
POACEAE,"Renvoizea teretifolia","(Hack.) Zuloaga & Morrone"
POACEAE,"Trisetum brasiliense",Louis-Marie
PODOSTEMACEAE,"Podostemum saldanhanum","(Warm.) C.T.Philbrick & Novelo"
POLYGALACEAE,"Polygala revoluta",Gardner
POLYGONACEAE,"Coccoloba rigida",Meisn.
POLYPODIACEAE,"Moranopteris xbradei","(Labiak & F.B.Matos) R.Y. Hirai & J. Prado"
POLYPODIACEAE,"Pecluma imbeana","(Brade) Salino"
POLYPODIACEAE,"Stenogrammitis luetzelburgii","(Rosenst.) Labiak"
PRIMULACEAE,"Cybianthus barrosoanus",G.Agostini
PRIMULACEAE,"Cybianthus gracillimus","(Warm.) Mez"
PRIMULACEAE,"Stylogyne araujoana","Carrijo, M.F. Freitas A.L. Peixoto"
PRIMULACEAE,"Stylogyne leptantha","(Miq.) Mez"
PRIMULACEAE,"Stylogyne sordida",Mez
PROTEACEAE,"Roupala gracilis",Meisn.
PTERIDACEAE,"Doryopteris magdalenensis","(Brade) Brade"
PTERIDACEAE,"Doryopteris quinquelobata","(Fée) Diels"
PTERIDACEAE,"Doryopteris subsimplex","(Fée) Diels"
PTERIDACEAE,"Doryopteris tijucana","Brade & Rosenst."
PTERIDACEAE,"Pteris congesta",J.Prado
RANUNCULACEAE,"Anemone assisbrasiliana","Kuhlm. & Porto"
RUBIACEAE,"Bathysa sylvestrae","Germano-Filho & M.Gomes"
RUBIACEAE,"Chomelia monantha","(K.Schum. ex Standl.) Steyerm."
RUBIACEAE,"Chomelia transiens",Müll.Arg.
RUBIACEAE,"Coussarea biflora","(Vell.) Müll.Arg."
RUBIACEAE,"Coussarea coffeoides",Müll.Arg.
RUBIACEAE,"Coussarea friburgensis",M.Gomes
RUBIACEAE,"Coussarea lanceolata","(Vell.) Müll.Arg."
RUBIACEAE,"Coussarea procumbens","(Vell.) Müll.Arg."
RUBIACEAE,"Coussarea speciosa","K.Schum. ex M. Gomes"
RUBIACEAE,"Coussarea strigosipes",Müll.Arg.
RUBIACEAE,"Coussarea viridis",Müll.Arg.
RUBIACEAE,"Faramea anisodonta",Müll.Arg.
RUBIACEAE,"Faramea aristata",Müll.Arg.
RUBIACEAE,"Faramea australis","(Vell.) Müll.Arg."
RUBIACEAE,"Faramea brachyloba",Müll.Arg.
RUBIACEAE,"Faramea calyciflora","A.Rich. ex DC."
RUBIACEAE,"Faramea campanularis",Müll.Arg.
RUBIACEAE,"Faramea cardiophylla",Standl.
RUBIACEAE,"Faramea cordifolia",Glaz.
RUBIACEAE,"Faramea diversifolia",Müll.Arg.
RUBIACEAE,"Faramea filamentosa",Müll.Arg.
RUBIACEAE,"Faramea heteromera",Müll.Arg.
RUBIACEAE,"Faramea includens",Müll.Arg.
RUBIACEAE,"Faramea intercedens",Müll.Arg.
RUBIACEAE,"Faramea leucocalyx",Müll.Arg.
RUBIACEAE,"Faramea micrantha",Müll.Arg.
RUBIACEAE,"Faramea platypoda",Müll.Arg.
RUBIACEAE,"Faramea tinguana",Müll.Arg.
RUBIACEAE,"Faramea urophylla",Müll.Arg.
RUBIACEAE,"Galianthe polygonoides","E.L.Cabral & Bacigalupo"
RUBIACEAE,"Hillia saldanhaei",K.Schum.
RUBIACEAE,"Hindsia arianeae","Di Maio"
RUBIACEAE,"Hindsia cucullata","Di Maio"
RUBIACEAE,"Hindsia glabra",K.Schum.
RUBIACEAE,"Hindsia phyllocalyx",K.Schum.
RUBIACEAE,"Hindsia republicana","Di Maio"
RUBIACEAE,"Hindsia violacea",Benth.
RUBIACEAE,"Ixora heterophylla",Müll.Arg.
RUBIACEAE,"Malanea spicata",Müll.Arg.
RUBIACEAE,"Manettia fimbriata","Cham. & Schltdl."
RUBIACEAE,"Manettia lutescens","(Vell.) K.Schum."
RUBIACEAE,"Manettia parvula","K.Schum. ex Wernham"
RUBIACEAE,"Manettia pedunculata","(Spreng.) K.Schum."
RUBIACEAE,"Palicourea brasiliensis",Wawra
RUBIACEAE,"Posoqueria laurifolia",Mart.
RUBIACEAE,"Psychotria ampla",Müll.Arg.
RUBIACEAE,"Psychotria brachyandra",Müll.Arg.
RUBIACEAE,"Psychotria brachyanthema",Standl.
RUBIACEAE,"Psychotria caudata",M.Gomes
RUBIACEAE,"Psychotria clavipes",Müll.Arg.
RUBIACEAE,"Psychotria densicostata",Müll.Arg.
RUBIACEAE,"Psychotria lindleyana",Müll.Arg.
RUBIACEAE,"Psychotria lucidifolia",Standl.
RUBIACEAE,"Psychotria mandiocana",Müll.Arg.
RUBIACEAE,"Psychotria mineirensis",Wernham
RUBIACEAE,"Psychotria subspathacea",Müll.Arg.
RUBIACEAE,"Psychotria sutericalyx",Wernham
RUBIACEAE,"Psychotria tenuinervis",Müll.Arg.
RUBIACEAE,"Psychotria ulei",Standl.
RUBIACEAE,"Psychotria vestita",C.Presl
RUBIACEAE,"Psychotria wilkesiana",Standl.
RUBIACEAE,"Randia itatiaiae","Silva Neto & Ávila"
RUBIACEAE,"Rudgea allophylla",Standl.
RUBIACEAE,"Rudgea discolor",Benth.
RUBIACEAE,"Rudgea erythrocarpa",Müll.Arg.
RUBIACEAE,"Rudgea insignis",Müll.Arg.
RUBIACEAE,"Rudgea macrophylla",Benth.
RUBIACEAE,"Rudgea parvifolia","(Cham.) Müll.Arg."
RUBIACEAE,"Rustia simpsonii",Delprete
RUBIACEAE,"Standleya erecta",Brade
RUBIACEAE,"Standleya limae",Brade
RUTACEAE,"Conchocarpus grandiflorus","(Engl.) Kallunki & Pirani"
RUTACEAE,"Conchocarpus ovatus","(A.St.-Hil. & Tul.) Kallunki & Pirani"
RUTACEAE,"Conchocarpus paniculatus","(Engl.) Kallunki & Pirani"
RUTACEAE,"Conchocarpus sordidus",Kallunki
SALICACEAE,"Abatia microphylla",Taub.
SAPINDACEAE,"Allophylus exappendiculatus","Somner, Frazão & Ferrucci"
SAPINDACEAE,"Allophylus heterophyllus","(Cambess.) Radlk."
SAPINDACEAE,"Allophylus membranifolius",Radlk.
SAPINDACEAE,"Cupania fluminensis",Acev.-Rodr.
SAPINDACEAE,"Cupania schizoneura",Radlk.
SAPINDACEAE,"Matayba leucodyctia",Radlk.
SAPINDACEAE,"Matayba talisioides",Radlk.
SAPINDACEAE,"Paullinia marginata",Casar.
SAPINDACEAE,"Serjania acuminata",Radlk.
SAPINDACEAE,"Serjania fluminensis",Acev.-Rodr.
SAPINDACEAE,"Serjania hamuligera",Radlk.
SAPINDACEAE,"Serjania itatiaiensis",Somner
SAPINDACEAE,"Serjania littoralis","Somner & Ferrucci"
SAPINDACEAE,"Serjania truncata",Radlk.
SAPOTACEAE,"Pradosia glaziovii","(Pierre) T.D.Penn."
SELIGERIACEAE,"Brachydontium notorogenes","W.R.Buck & Schaf.-Verw."
SOLANACEAE,"Capsicum friburgense","Barboza & Bianch."
SOLANACEAE,"Solanum friburgense","Giacomin & Stehmann"
SPHAGNACEAE,"Sphagnum amoenum",Warnst.
SPHAGNACEAE,"Sphagnum costae","H.A.Crum & D.P.Costa"
SPHAGNACEAE,"Sphagnum luetzelburgii","H.K.G.Paul ex H.A.Crum"
SPHAGNACEAE,"Sphagnum scorpioides","(Hampe) H.A.Crum"
SPHAGNACEAE,"Sphagnum subhomophyllum",H.A.Crum
SPHAGNACEAE,"Sphagnum triporosum",H.A.Crum
SYMPLOCACEAE,"Symplocos altissima",Brand
SYMPLOCACEAE,"Symplocos dasyphylla",Brand
SYMPLOCACEAE,"Symplocos glaziovii",Brand
SYMPLOCACEAE,"Symplocos neglecta",Brand
SYMPLOCACEAE,"Symplocos occulta",Aranha
SYMPLOCACEAE,"Symplocos organensis",Brand
THELYPTERIDACEAE,"Thelypteris refracta","(Fisch. & C.Meyer ex Kunze) C.F.Reed"
THISMIACEAE,"Thismia caudata","Maas & H.Maas"
THISMIACEAE,"Thismia fungiformis","(Taub. ex Warm.) Maas & H.Maas"
THISMIACEAE,"Thismia macahensis","(Miers) F.Muell."
THYMELAEACEAE,"Funifera brasiliensis","(Raddi) Mansf."
THYMELAEACEAE,"Funifera insulae",Nevling
TRIGONIACEAE,"Trigonia littoralis","Miguel & E.F.Guim."
TRIGONIACEAE,"Trigonia rotundifolia",Lleras
TRIURIDACEAE,"Peltophyllum caudatum","(Poulsen) R.Schmid & M.D.Turner"
TRIURIDACEAE,"Triuris alata",Brade
VELLOZIACEAE,"Barbacenia brevifolia",Taub.
VELLOZIACEAE,"Barbacenia fanniae","(N.L.Menezes) Mello-Silva"
VELLOZIACEAE,"Barbacenia foliosa","Goethart & Henrard"
VELLOZIACEAE,"Barbacenia gaveensis","Goethart & Henrard"
VELLOZIACEAE,"Barbacenia seubertiana","Goethart & Henrard"
VELLOZIACEAE,"Barbacenia squamata",Herb.
VIOLACEAE,"Rinorea laevigata","(Sol. ex Ging.) Hekking"
VOCHYSIACEAE,"Callisthene dryadum",Duarte
XYRIDACEAE,"Xyris organensis",Malme
Calophyllaceae,"Kielmeyera aureovinosa","M. Gomes"
Bromeliaceae,"Vriesea eltoniana",E.Pereira
Orchidaceae,"Brasilaelia lobata","(Lindl.) Gutfreund"
BEGONIACEAE,"Begonia sylvestris",A.DC.
BEGONIACEAE,"Begonia arborescens",Raddi
FABACEAE,"Mimosa bocainae",Barneby
Poaceae,"Trisetum brasiliense",Louis-Marie
BEGONIACEAE,"Begonia bonitoensis",Brade
Ditrichaceae,"Ditrichum itatiaiae","(Müll.Hal.) Paris"
Ditrichaceae,"Ditrichum itatiaiae","(Müll.Hal.) Paris"
FABACEAE,"Mimosa itatiaiensis",Dusén
ARACEAE,"Anthurium sakuraguianum",
ARACEAE,"Philodendron luisae",
Ditrichaceae,"Ditrichum itatiaiae","(Müll.Hal.) Paris"
ARACEAE,"Anthurium cronembergerae",
Poaceae,"Glaziophyton mirable",Franch.
MALPIGHIACEAE,"Hiraea restingae ",C.E.Anderson
ORCHIDACEAE,"Pabstiella purpurea","(Seehawer) Luer & Toscano"
LOASACEAE,"Aosa uleana","(Urb. & Gilg) Weigend"
BEGONIACEAE,"Begonia tomentosa",Schott
MORACEAE,"Ficus nevesiae",Carauta
ORCHIDACEAE,"Brasiliorchis moutinhoi","(Pabst) F.Barros & L.Guimarães"
CACTACEAE,"Schlumbergera russelliana","(Hook.) Britton & Rose"
