family,scientificNameWithoutAuthorship,scientificNameAuthorship,acceptedNameUsage
COMMELINACEAE,"Dichorisandra picta",Lodd.,"Dichorisandra picta Lodd."
Bromeliaceae,"Neoregelia paratiensis",Leme,"Neoregelia paratiensis Leme"
"CACTACEAE ","Rhipsalis triangularis",Werderm.,"Rhipsalis triangularis Werderm."
Amaryllidaceae,"Worsleya procera","(Lem.) Traub","Worsleya procera (Lem.) Traub"
Acanthaceae,"Aphelandra stephanophysa",Nees,"Aphelandra stephanophysa Nees"
Acanthaceae,"Justicia meyeniana","(Nees) Lindau","Justicia meyeniana (Nees) Lindau"
ACANTHACEAE,"Aphelandra bradeana",Rizzini,"Aphelandra bradeana Rizzini"
ACANTHACEAE,"Aphelandra neesiana",Wassh.,"Aphelandra neesiana Wassh."
ACANTHACEAE,"Aphelandra rigida","Glaz. ex Mildbr.","Aphelandra rigida Glaz. ex Mildbr."
ACANTHACEAE,"Herpetacanthus delicatus","Indriunas & Kameyama","Herpetacanthus delicatus Indriunas & Kameyama"
ACANTHACEAE,"Herpetacanthus parvispica","Indriunas & Kameyama","Herpetacanthus parvispica Indriunas & Kameyama"
ACANTHACEAE,"Justicia itatiaiensis",Profice,"Justicia itatiaiensis Profice"
ACANTHACEAE,"Justicia nervata","(Lindau) Profice","Justicia nervata (Lindau) Profice"
ACANTHACEAE,"Justicia polita","(Nees) Profice","Justicia polita (Nees) Profice"
ACANTHACEAE,"Ruellia herbstii","(Hook.) Hiern","Ruellia herbstii (Hook.) Hiern"
ACANTHACEAE,"Ruellia silvaccola","(Mart. ex Ness) Lindau","Ruellia silvaccola (Mart. ex Ness) Lindau"
ACANTHACEAE,"Schaueria calycotricha","(Link & Otto) Nees","Schaueria calycotricha (Link & Otto) Nees"
ACANTHACEAE,"Schaueria sulfurea",Nees,"Schaueria sulfurea Nees"
ACANTHACEAE,"Staurogyne brachiata","(Hiern) Leonard","Staurogyne brachiata (Hiern) Leonard"
ACANTHACEAE,"Staurogyne euryphylla",E.Hossain,"Staurogyne euryphylla E.Hossain"
AMARYLLIDACEAE,"Griffinia rochae",Morel,"Griffinia rochae Morel"
ANEMIACEAE,"Anemia candidoi",Brade,"Anemia candidoi Brade"
ANNONACEAE,"Annona ferruginea","(R.E.Fr.) H.Rainer","Annona ferruginea (R.E.Fr.) H.Rainer"
ANNONACEAE,"Annona parviflora","(A.St.-Hil.) H.Rainer","Annona parviflora (A.St.-Hil.) H.Rainer"
ANNONACEAE,"Duguetia microphylla","(R.E.Fr.) R.E.Fr.","Duguetia microphylla (R.E.Fr.) R.E.Fr."
ANNONACEAE,"Duguetia pohliana",Mart.,"Duguetia pohliana Mart."
ANNONACEAE,"Hornschuchia alba","(A.St.-Hil.) R.E.Fr.","Hornschuchia alba (A.St.-Hil.) R.E.Fr."
ANNONACEAE,"Trigynaea axilliflora","D.M.Johnson & N.A.Murray","Trigynaea axilliflora D.M.Johnson & N.A.Murray"
ANNONACEAE,"Unonopsis riedeliana",R.E.Fr.,"Unonopsis riedeliana R.E.Fr."
ANTHOCEROTACEAE,"Anthoceros lamellatus",Steph.,"Anthoceros lamellatus Steph."
APIACEAE,"Eryngium fluminense",Urb.,"Eryngium fluminense Urb."
APIACEAE,"Eryngium goulartii","Glaz. & Urb. ex Urb.","Eryngium goulartii Glaz. & Urb. ex Urb."
APOCYNACEAE,"Aspidosperma compactinervium",Kuhlm.,"Aspidosperma compactinervium Kuhlm."
APOCYNACEAE,"Aspidosperma ingratum",K.Schum.,"Aspidosperma ingratum K.Schum."
APOCYNACEAE,"Cynanchum brasiliense","(Morillo) Liede","Cynanchum brasiliense (Morillo) Liede"
APOCYNACEAE,"Ditassa fontellae","Marquete & C.Valente","Ditassa fontellae Marquete & C.Valente"
APOCYNACEAE,"Ditassa guilleminiana",Decne.,"Ditassa guilleminiana Decne."
APOCYNACEAE,"Ditassa imbricata",E.Fourn.,"Ditassa imbricata E.Fourn."
APOCYNACEAE,"Ditassa maricaensis","Fontella & E.A.Schwarz","Ditassa maricaensis Fontella & E.A.Schwarz"
APOCYNACEAE,"Ditassa subumbellata",Malme,"Ditassa subumbellata Malme"
APOCYNACEAE,"Forsteronia linearis","(Vell.) Müll.Arg.","Forsteronia linearis (Vell.) Müll.Arg."
APOCYNACEAE,"Gonolobus dorothyanus",Fontella,"Gonolobus dorothyanus Fontella"
APOCYNACEAE,"Macroditassa laxa","(Malme) Fontella & de Lamare","Macroditassa laxa (Malme) Fontella & de Lamare"
APOCYNACEAE,"Mandevilla crassinoda","(Gardner) Woodson","Mandevilla crassinoda (Gardner) Woodson"
APOCYNACEAE,"Marsdenia glaziovii","(E.Fourn.) Spellman & Morillo","Marsdenia glaziovii (E.Fourn.) Spellman & Morillo"
APOCYNACEAE,"Matelea fournieri",Morillo,"Matelea fournieri Morillo"
APOCYNACEAE,"Matelea quinquedentata","(E.Fourn.) Morillo","Matelea quinquedentata (E.Fourn.) Morillo"
APOCYNACEAE,"Monsanima tinguaensis","R.Santos & Fontella","Monsanima tinguaensis R.Santos & Fontella"
APOCYNACEAE,"Orthosia arenosa",Decne.,"Orthosia arenosa Decne."
APOCYNACEAE,"Orthosia umbrosa",Decne.,"Orthosia umbrosa Decne."
APOCYNACEAE,"Oxypetalum costae",Occhioni,"Oxypetalum costae Occhioni"
APOCYNACEAE,"Oxypetalum lutescens",E.Fourn.,"Oxypetalum lutescens E.Fourn."
APOCYNACEAE,"Oxypetalum schottii",E.Fourn.,"Oxypetalum schottii E.Fourn."
AQUIFOLIACEAE,"Ilex cognata",Reissek,"Ilex cognata Reissek"
AQUIFOLIACEAE,"Ilex friburgensis",Loes.,"Ilex friburgensis Loes."
AQUIFOLIACEAE,"Ilex glazioviana",Loes.,"Ilex glazioviana Loes."
AQUIFOLIACEAE,"Ilex longipetiolata",Loes.,"Ilex longipetiolata Loes."
AQUIFOLIACEAE,"Ilex organensis",Loes.,"Ilex organensis Loes."
AQUIFOLIACEAE,"Ilex schwackeana",Loes.,"Ilex schwackeana Loes."
AQUIFOLIACEAE,"Ilex virgata",Loes.,"Ilex virgata Loes."
ARACEAE,"Anthurium aduncum","(Vell.) Schott","Anthurium aduncum (Vell.) Schott"
ARACEAE,"Anthurium augustinum","K.Koch & Lauche","Anthurium augustinum K.Koch & Lauche"
ARACEAE,"Anthurium binotii",Linden,"Anthurium binotii Linden"
ARACEAE,"Anthurium bragae",Nadruz,"Anthurium bragae Nadruz"
ARACEAE,"Anthurium harrisii","(Graham) G.Don","Anthurium harrisii (Graham) G.Don"
ARACEAE,"Anthurium laucheanum",K.Koch,"Anthurium laucheanum K.Koch"
ARACEAE,"Anthurium lhotzkyanum",Schott,"Anthurium lhotzkyanum Schott"
ARACEAE,"Anthurium lucidum",Kunth,"Anthurium lucidum Kunth"
ARACEAE,"Anthurium luschnathianum",Kunth,"Anthurium luschnathianum Kunth"
ARACEAE,"Anthurium nitidulum",Engl.,"Anthurium nitidulum Engl."
ARACEAE,"Anthurium simonii",Nadruz,"Anthurium simonii Nadruz"
ARACEAE,"Anthurium validinervium",Engl.,"Anthurium validinervium Engl."
ARACEAE,"Asterostigma concinnum",Schott,"Asterostigma concinnum Schott"
ARACEAE,"Asterostigma vellozianum",Schott,"Asterostigma vellozianum Schott"
ARACEAE,"Philodendron alternans",Schott,"Philodendron alternans Schott"
ARACEAE,"Philodendron fragile","Nadruz & Mayo","Philodendron fragile Nadruz & Mayo"
ARACEAE,"Philodendron imbe","Schott ex Kunth.","Philodendron imbe Schott ex Kunth."
ARACEAE,"Philodendron millerianum","Nadruz & Sakur.","Philodendron millerianum Nadruz & Sakur."
ARACEAE,"Philodendron nadruzianum",Sakur.,"Philodendron nadruzianum Sakur."
ARACEAE,"Wolffiella neotropica",Landolt,"Wolffiella neotropica Landolt"
ARALIACEAE,"Dendropanax heterophyllus","(Marchal) Frodin","Dendropanax heterophyllus (Marchal) Frodin"
ARALIACEAE,"Dendropanax langsdorfii","(Marchal) Frodin","Dendropanax langsdorfii (Marchal) Frodin"
ARALIACEAE,"Dendropanax trilobus","(Gardner) Seem.","Dendropanax trilobus (Gardner) Seem."
ARALIACEAE,"Hydrocotyle alpestris",Gardner,"Hydrocotyle alpestris Gardner"
ARALIACEAE,"Hydrocotyle bradei",Rossberg,"Hydrocotyle bradei Rossberg"
ARALIACEAE,"Hydrocotyle ulei",H.Wolff,"Hydrocotyle ulei H.Wolff"
ARALIACEAE,"Schefflera succinea","Frodin & Fiaschi","Schefflera succinea Frodin & Fiaschi"
ARECACEAE,"Lytocaryum weddellianum","(H.Wendl.) Toledo","Lytocaryum weddellianum (H.Wendl.) Toledo"
ARISTOLOCHIACEAE,"Aristolochia raja","Mart. & Zucc.","Aristolochia raja Mart. & Zucc."
ASPLENIACEAE,"Asplenium cariocanum",Brade,"Asplenium cariocanum Brade"
ASTERACEAE,"Austrocritonia rosea","(Gardner) R.M.King & H.Rob.","Austrocritonia rosea (Gardner) R.M.King & H.Rob."
ASTERACEAE,"Austrocritonia taunayana","(Glaz. ex B.L.Rob.) R.M.King & H.Rob.","Austrocritonia taunayana (Glaz. ex B.L.Rob.) R.M.King & H.Rob."
ASTERACEAE,"Austroeupatorium petrophilum","(B.L.Rob.) R.M.King & H.Rob.","Austroeupatorium petrophilum (B.L.Rob.) R.M.King & H.Rob."
ASTERACEAE,"Baccharis alpestris",Gardner,"Baccharis alpestris Gardner"
ASTERACEAE,"Baccharis bifrons",Baker,"Baccharis bifrons Baker"
ASTERACEAE,"Baccharis ciliata",Gardner,"Baccharis ciliata Gardner"
ASTERACEAE,"Baccharis friburgensis","G.Heiden et al.","Baccharis friburgensis G.Heiden et al."
ASTERACEAE,"Baccharis pseudovaccinioides",Malag.,"Baccharis pseudovaccinioides Malag."
ASTERACEAE,"Barrosoa viridiflora","(Baker) R.M. King & H. Rob.","Barrosoa viridiflora (Baker) R.M. King & H. Rob."
ASTERACEAE,"Bartlettina hemisphaerica","(DC.) R.M. King & H. Rob.","Bartlettina hemisphaerica (DC.) R.M. King & H. Rob."
ASTERACEAE,"Calea wedelioides","(Baker) S.F.Blake","Calea wedelioides (Baker) S.F.Blake"
ASTERACEAE,"Critoniopsis magdalenae","(G.M.Barroso) H.Rob.","Critoniopsis magdalenae (G.M.Barroso) H.Rob."
ASTERACEAE,"Dasyphyllum cryptocephalum","(Baker) Cabrera","Dasyphyllum cryptocephalum (Baker) Cabrera"
ASTERACEAE,"Dasyphyllum leptacanthum","(Gardner) Cabrera","Dasyphyllum leptacanthum (Gardner) Cabrera"
ASTERACEAE,"Gamochaeta grazielae","(Rizzini) Deble","Gamochaeta grazielae (Rizzini) Deble"
ASTERACEAE,"Graphistylis cuneifolia","(Gardner) B.Nord.","Graphistylis cuneifolia (Gardner) B.Nord."
ASTERACEAE,"Lepidaploa araujoa","(H.Rob.) H.Rob.","Lepidaploa araujoa (H.Rob.) H.Rob."
ASTERACEAE,"Lepidaploa coulonioides","(H.Rob.) H.Rob.","Lepidaploa coulonioides (H.Rob.) H.Rob."
ASTERACEAE,"Lepidaploa obtusifolia","(Less.) H.Rob.","Lepidaploa obtusifolia (Less.) H.Rob."
ASTERACEAE,"Lepidaploa persicifolia","(Desf.) H.Rob.","Lepidaploa persicifolia (Desf.) H.Rob."
ASTERACEAE,"Lessingianthus glaziovianus","(Baker) H.Rob.","Lessingianthus glaziovianus (Baker) H.Rob."
ASTERACEAE,"Macropodina bradei","R.M.King & H.Rob.","Macropodina bradei R.M.King & H.Rob."
ASTERACEAE,"Mikania alexandreae",G.M.Barroso,"Mikania alexandreae G.M.Barroso"
ASTERACEAE,"Mikania cabrerae",G.M.Barroso,"Mikania cabrerae G.M.Barroso"
ASTERACEAE,"Mikania campos-portoana",G.M.Barroso,"Mikania campos-portoana G.M.Barroso"
ASTERACEAE,"Mikania casarettoi",B.L.Rob.,"Mikania casarettoi B.L.Rob."
ASTERACEAE,"Mikania hastifolia",Baker,"Mikania hastifolia Baker"
ASTERACEAE,"Mikania paranahybensis",G.M.Barroso,"Mikania paranahybensis G.M.Barroso"
ASTERACEAE,"Mikania pteropoda",DC.,"Mikania pteropoda DC."
ASTERACEAE,"Mikania vauthieriana",Baker,"Mikania vauthieriana Baker"
ASTERACEAE,"Ophryosporus organensis",Cabrera,"Ophryosporus organensis Cabrera"
ASTERACEAE,"Piptocarpha verticillata","(Vell.) G.Lom.Sm. ex H.Rob.","Piptocarpha verticillata (Vell.) G.Lom.Sm. ex H.Rob."
ASTERACEAE,"Senecio arctiifolius",Baker,"Senecio arctiifolius Baker"
ASTERACEAE,"Senecio malacophyllus",Dusén,"Senecio malacophyllus Dusén"
ASTERACEAE,"Senecio ramentaceus",Baker,"Senecio ramentaceus Baker"
ASTERACEAE,"Stevia dubia",B.L.Rob.,"Stevia dubia B.L.Rob."
ASTERACEAE,"Stevia organensis",Gardner,"Stevia organensis Gardner"
ASTERACEAE,"Stevia verticillata",Schltdl.,"Stevia verticillata Schltdl."
ASTERACEAE,"Trichogoniopsis podocarpa","(DC.) R.M.King & H.Rob.","Trichogoniopsis podocarpa (DC.) R.M.King & H.Rob."
ASTERACEAE,"Wunderlichia insignis",Baill.,"Wunderlichia insignis Baill."
BARTRAMIACEAE,"Bartramia mathewsii",Mitt.,"Bartramia mathewsii Mitt."
BEGONIACEAE,"Begonia acetosa",Vell.,"Begonia acetosa Vell."
BEGONIACEAE,"Begonia acida",Vell.,"Begonia acida Vell."
BEGONIACEAE,"Begonia aconitifolia",A.DC.,"Begonia aconitifolia A.DC."
BEGONIACEAE,"Begonia antonietae",Brade,"Begonia antonietae Brade"
BEGONIACEAE,"Begonia cariocana","Brade ex L.B.Sm. & Wassh.","Begonia cariocana Brade ex L.B.Sm. & Wassh."
BEGONIACEAE,"Begonia cerasiphylla","L.B.Sm. & Wassh.","Begonia cerasiphylla L.B.Sm. & Wassh."
BEGONIACEAE,"Begonia collaris",Brade,"Begonia collaris Brade"
BEGONIACEAE,"Begonia concinna",Schott,"Begonia concinna Schott"
BEGONIACEAE,"Begonia cordata",Vell.,"Begonia cordata Vell."
BEGONIACEAE,"Begonia declinata",Vell.,"Begonia declinata Vell."
BEGONIACEAE,"Begonia densifolia",Irmsch.,"Begonia densifolia Irmsch."
BEGONIACEAE,"Begonia dentatiloba",A.DC.,"Begonia dentatiloba A.DC."
BEGONIACEAE,"Begonia depauperata",Schott,"Begonia depauperata Schott"
BEGONIACEAE,"Begonia edmundoi",Brade,"Begonia edmundoi Brade"
BEGONIACEAE,"Begonia epipsila",Brade,"Begonia epipsila Brade"
BEGONIACEAE,"Begonia erecta",Vell.,"Begonia erecta Vell."
BEGONIACEAE,"Begonia fabulosa","L.B.Sm. & Wassh.","Begonia fabulosa L.B.Sm. & Wassh."
BEGONIACEAE,"Begonia fagifolia","Otto & A.Dietr.","Begonia fagifolia Otto & A.Dietr."
BEGONIACEAE,"Begonia fluminensis",Brade,"Begonia fluminensis Brade"
BEGONIACEAE,"Begonia forgetiana",Hemsl.,"Begonia forgetiana Hemsl."
BEGONIACEAE,"Begonia friburgensis",Brade,"Begonia friburgensis Brade"
BEGONIACEAE,"Begonia herteri",Irmsch.,"Begonia herteri Irmsch."
BEGONIACEAE,"Begonia jocelinoi",Brade,"Begonia jocelinoi Brade"
BEGONIACEAE,"Begonia lanstyakii",Brade,"Begonia lanstyakii Brade"
BEGONIACEAE,"Begonia lubbersii",E.Morren,"Begonia lubbersii E.Morren"
BEGONIACEAE,"Begonia lunaris",E.L.Jacques,"Begonia lunaris E.L.Jacques"
BEGONIACEAE,"Begonia magdalenensis",Brade,"Begonia magdalenensis Brade"
BEGONIACEAE,"Begonia occhionii",Brade,"Begonia occhionii Brade"
BEGONIACEAE,"Begonia olsoniae","L.B.Sm. & B.G.Schub.","Begonia olsoniae L.B.Sm. & B.G.Schub."
BEGONIACEAE,"Begonia parvifolia",Schott,"Begonia parvifolia Schott"
BEGONIACEAE,"Begonia princeps",A.DC.,"Begonia princeps A.DC."
BEGONIACEAE,"Begonia pseudolubbersii",Brade,"Begonia pseudolubbersii Brade"
BEGONIACEAE,"Begonia ramentacea",Paxton,"Begonia ramentacea Paxton"
BEGONIACEAE,"Begonia rotunda",Vell.,"Begonia rotunda Vell."
BEGONIACEAE,"Begonia rubropilosa",A.DC.,"Begonia rubropilosa A.DC."
BEGONIACEAE,"Begonia sanguinea",Raddi,"Begonia sanguinea Raddi"
BEGONIACEAE,"Begonia semidigitata",Brade,"Begonia semidigitata Brade"
BEGONIACEAE,"Begonia valida",Goebel,"Begonia valida Goebel"
BEGONIACEAE,"Begonia velloziana",Walp.,"Begonia velloziana Walp."
BIGNONIACEAE,"Adenocalymma bullatum","Bureau & K.Schum.","Adenocalymma bullatum Bureau & K.Schum."
BIGNONIACEAE,"Bignonia costata","(Bureau & K.Schum.) L.G.Lohmann","Bignonia costata (Bureau & K.Schum.) L.G.Lohmann"
BIGNONIACEAE,"Fridericia elegans","(Vell.) L.G.Lohmann","Fridericia elegans (Vell.) L.G.Lohmann"
BIGNONIACEAE,"Jacaranda crassifolia",Morawetz,"Jacaranda crassifolia Morawetz"
BORAGINACEAE,"Varronia leucomalla","(Taub.) Borhidi","Varronia leucomalla (Taub.) Borhidi"
BROMELIACEAE,"Aechmea caesia","E.Morren ex Baker","Aechmea caesia E.Morren ex Baker"
BROMELIACEAE,"Aechmea cariocae",L.B.Sm.,"Aechmea cariocae L.B.Sm."
BROMELIACEAE,"Aechmea dealbata","E.Morren ex Baker","Aechmea dealbata E.Morren ex Baker"
BROMELIACEAE,"Aechmea fasciata","(Lindl.) Baker","Aechmea fasciata (Lindl.) Baker"
BROMELIACEAE,"Aechmea flavorosea",E.Pereira,"Aechmea flavorosea E.Pereira"
BROMELIACEAE,"Aechmea grazielae","Martinelli & Leme","Aechmea grazielae Martinelli & Leme"
BROMELIACEAE,"Aechmea paratiensis","Leme & Fraga","Aechmea paratiensis Leme & Fraga"
BROMELIACEAE,"Aechmea prava",E.Pereira,"Aechmea prava E.Pereira"
BROMELIACEAE,"Aechmea squarrosa",Baker,"Aechmea squarrosa Baker"
BROMELIACEAE,"Alcantarea farneyi","(Martinelli & A.F.Costa) J.R.Grant","Alcantarea farneyi (Martinelli & A.F.Costa) J.R.Grant"
BROMELIACEAE,"Alcantarea geniculata","(Wawra) J.R.Grant","Alcantarea geniculata (Wawra) J.R.Grant"
BROMELIACEAE,"Alcantarea glaziouana","(Leme) J.R.Grant","Alcantarea glaziouana (Leme) J.R.Grant"
BROMELIACEAE,"Alcantarea heloisae",J.R.Grant,"Alcantarea heloisae J.R.Grant"
BROMELIACEAE,"Alcantarea martinellii","Versieux & Wand.","Alcantarea martinellii Versieux & Wand."
BROMELIACEAE,"Alcantarea nevaresii","(Leme) J.R.Grant","Alcantarea nevaresii (Leme) J.R.Grant"
BROMELIACEAE,"Alcantarea tortuosa","Versieux & Wand.","Alcantarea tortuosa Versieux & Wand."
BROMELIACEAE,"Billbergia amandae",W.Weber,"Billbergia amandae W.Weber"
BROMELIACEAE,"Billbergia brasiliensis",L.B.Sm.,"Billbergia brasiliensis L.B.Sm."
BROMELIACEAE,"Billbergia macracantha",E.Pereira,"Billbergia macracantha E.Pereira"
BROMELIACEAE,"Canistropsis correia-araujoi","(E.Pereira & Leme) Leme","Canistropsis correia-araujoi (E.Pereira & Leme) Leme"
BROMELIACEAE,"Canistropsis elata","(E.Pereira & Leme) Leme","Canistropsis elata (E.Pereira & Leme) Leme"
BROMELIACEAE,"Canistropsis marceloi","(E.Pereira & Moutinho) Leme","Canistropsis marceloi (E.Pereira & Moutinho) Leme"
BROMELIACEAE,"Canistropsis pulcherrima","(E.Pereira & Leme) Leme","Canistropsis pulcherrima (E.Pereira & Leme) Leme"
BROMELIACEAE,"Cryptanthus bromelioides","Otto & A.Dietr.","Cryptanthus bromelioides Otto & A.Dietr."
BROMELIACEAE,"Cryptanthus delicatus",Leme,"Cryptanthus delicatus Leme"
BROMELIACEAE,"Cryptanthus sinuosus",L.B.Sm.,"Cryptanthus sinuosus L.B.Sm."
BROMELIACEAE,"Dyckia martinellii","B.R. Silva & Forzza","Dyckia martinellii B.R. Silva & Forzza"
BROMELIACEAE,"Dyckia pseudococcinea",L.B.Sm.,"Dyckia pseudococcinea L.B.Sm."
BROMELIACEAE,"Neoregelia abendrothae",L.B.Sm.,"Neoregelia abendrothae L.B.Sm."
BROMELIACEAE,"Neoregelia bragarum","(E.Pereira & L.B.Sm.) Leme","Neoregelia bragarum (E.Pereira & L.B.Sm.) Leme"
BROMELIACEAE,"Neoregelia camorimiana","E.Pereira & I.A.Penna","Neoregelia camorimiana E.Pereira & I.A.Penna"
BROMELIACEAE,"Neoregelia carinata",Leme,"Neoregelia carinata Leme"
BROMELIACEAE,"Neoregelia coimbrae","E.Pereira & Leme","Neoregelia coimbrae E.Pereira & Leme"
BROMELIACEAE,"Neoregelia coriacea","(Antoine) L.B.Sm.","Neoregelia coriacea (Antoine) L.B.Sm."
BROMELIACEAE,"Neoregelia correia-araujoi","E.Pereira & I.A.Penna","Neoregelia correia-araujoi E.Pereira & I.A.Penna"
BROMELIACEAE,"Neoregelia desenganensis",Leme,"Neoregelia desenganensis Leme"
BROMELIACEAE,"Neoregelia eltoniana",W.Weber,"Neoregelia eltoniana W.Weber"
BROMELIACEAE,"Neoregelia fluminensis",L.B.Sm.,"Neoregelia fluminensis L.B.Sm."
BROMELIACEAE,"Neoregelia fosteriana",L.B.Sm.,"Neoregelia fosteriana L.B.Sm."
BROMELIACEAE,"Neoregelia gavionensis","Martinelli & Leme","Neoregelia gavionensis Martinelli & Leme"
BROMELIACEAE,"Neoregelia ilhana",Leme,"Neoregelia ilhana Leme"
BROMELIACEAE,"Neoregelia indecora","(Mez) L.B.Sm.","Neoregelia indecora (Mez) L.B.Sm."
BROMELIACEAE,"Neoregelia kuhlmannii",L.B.Sm.,"Neoregelia kuhlmannii L.B.Sm."
BROMELIACEAE,"Neoregelia lactea","H.Luther & Leme","Neoregelia lactea H.Luther & Leme"
BROMELIACEAE,"Neoregelia leucophoea","(Baker) L.B.Sm.","Neoregelia leucophoea (Baker) L.B.Sm."
BROMELIACEAE,"Neoregelia longipedicellata",Leme,"Neoregelia longipedicellata Leme"
BROMELIACEAE,"Neoregelia macahensis","(Ule) L.B.Sm.","Neoregelia macahensis (Ule) L.B.Sm."
BROMELIACEAE,"Neoregelia macwilliamsii",L.B.Sm.,"Neoregelia macwilliamsii L.B.Sm."
BROMELIACEAE,"Neoregelia martinellii",W.Weber,"Neoregelia martinellii W.Weber"
BROMELIACEAE,"Neoregelia nevaresii","Leme & H.Luther","Neoregelia nevaresii Leme & H.Luther"
BROMELIACEAE,"Neoregelia petropolitana",Leme,"Neoregelia petropolitana Leme"
BROMELIACEAE,"Neoregelia roethii",W.Weber,"Neoregelia roethii W.Weber"
BROMELIACEAE,"Neoregelia rubrovittata",Leme,"Neoregelia rubrovittata Leme"
BROMELIACEAE,"Neoregelia sapiatibensis","E.Pereira & I.A.Penna","Neoregelia sapiatibensis E.Pereira & I.A.Penna"
BROMELIACEAE,"Neoregelia tenebrosa",Leme,"Neoregelia tenebrosa Leme"
BROMELIACEAE,"Neoregelia uleana",L.B.Sm.,"Neoregelia uleana L.B.Sm."
BROMELIACEAE,"Neoregelia watersiana",Leme,"Neoregelia watersiana Leme"
BROMELIACEAE,"Nidularium altimontanum",Leme,"Nidularium altimontanum Leme"
BROMELIACEAE,"Nidularium angustifolium",Ule,"Nidularium angustifolium Ule"
BROMELIACEAE,"Nidularium apiculatum",L.B.Sm.,"Nidularium apiculatum L.B.Sm."
BROMELIACEAE,"Nidularium atalaiaense","E.Pereira & Leme","Nidularium atalaiaense E.Pereira & Leme"
BROMELIACEAE,"Nidularium fradense",Leme,"Nidularium fradense Leme"
BROMELIACEAE,"Nidularium fulgens",Lem.,"Nidularium fulgens Lem."
BROMELIACEAE,"Nidularium itatiaiae",L.B.Sm.,"Nidularium itatiaiae L.B.Sm."
BROMELIACEAE,"Nidularium mangaratibense",Leme,"Nidularium mangaratibense Leme"
BROMELIACEAE,"Nidularium organense",Leme,"Nidularium organense Leme"
BROMELIACEAE,"Nidularium rosulatum",Ule,"Nidularium rosulatum Ule"
BROMELIACEAE,"Nidularium utriculosum",Ule,"Nidularium utriculosum Ule"
BROMELIACEAE,"Nidularium viridipetalum",Leme,"Nidularium viridipetalum Leme"
BROMELIACEAE,"Pitcairnia albiflos",Herb.,"Pitcairnia albiflos Herb."
BROMELIACEAE,"Pitcairnia beycalema",Beer,"Pitcairnia beycalema Beer"
BROMELIACEAE,"Pitcairnia corcovadensis",Wawra,"Pitcairnia corcovadensis Wawra"
BROMELIACEAE,"Pitcairnia encholirioides",L.B.Sm.,"Pitcairnia encholirioides L.B.Sm."
BROMELIACEAE,"Pitcairnia insularis","Tatagiba & R.J.V.Alves","Pitcairnia insularis Tatagiba & R.J.V.Alves"
BROMELIACEAE,"Pitcairnia staminea",Lodd.,"Pitcairnia staminea Lodd."
BROMELIACEAE,"Pitcairnia suaveolens",Lindl.,"Pitcairnia suaveolens Lindl."
BROMELIACEAE,"Pitcairnia wendtiae","Tatagiba & B.R.Silva","Pitcairnia wendtiae Tatagiba & B.R.Silva"
BROMELIACEAE,"Quesnelia edmundoi",L.B.Sm.,"Quesnelia edmundoi L.B.Sm."
BROMELIACEAE,"Quesnelia lateralis",Wawra,"Quesnelia lateralis Wawra"
BROMELIACEAE,"Quesnelia seideliana",L.B.Sm.,"Quesnelia seideliana L.B.Sm."
BROMELIACEAE,"Tillandsia brachyphylla",Baker,"Tillandsia brachyphylla Baker"
BROMELIACEAE,"Tillandsia carminea",W.Till,"Tillandsia carminea W.Till"
BROMELIACEAE,"Tillandsia grazielae","D.Sucre & R.Braga","Tillandsia grazielae D.Sucre & R.Braga"
BROMELIACEAE,"Tillandsia neglecta",E.Pereira,"Tillandsia neglecta E.Pereira"
BROMELIACEAE,"Tillandsia nuptialis","R.Braga & Sucre","Tillandsia nuptialis R.Braga & Sucre"
BROMELIACEAE,"Tillandsia organensis",Ehlers,"Tillandsia organensis Ehlers"
BROMELIACEAE,"Tillandsia reclinata","E.Pereira & Martinelli","Tillandsia reclinata E.Pereira & Martinelli"
BROMELIACEAE,"Tillandsia roseiflora","Ehlers & W.Weber","Tillandsia roseiflora Ehlers & W.Weber"
BROMELIACEAE,"Tillandsia sucrei",E.Pereira,"Tillandsia sucrei E.Pereira"
BROMELIACEAE,"Tillandsia thiekenii",Ehlers,"Tillandsia thiekenii Ehlers"
BROMELIACEAE,"Vriesea agostiniana",E.Pereira,"Vriesea agostiniana E.Pereira"
BROMELIACEAE,"Vriesea altimontana","E.Pereira & Martinelli","Vriesea altimontana E.Pereira & Martinelli"
BROMELIACEAE,"Vriesea altomacaensis",A.F.Costa,"Vriesea altomacaensis A.F.Costa"
BROMELIACEAE,"Vriesea atra",Mez,"Vriesea atra Mez"
BROMELIACEAE,"Vriesea atrococcinea",Rauh,"Vriesea atrococcinea Rauh"
BROMELIACEAE,"Vriesea bleherae","Roth & W. Weber","Vriesea bleherae Roth & W. Weber"
BROMELIACEAE,"Vriesea botafogensis",Mez,"Vriesea botafogensis Mez"
BROMELIACEAE,"Vriesea brassicoides","(Baker) Mez","Vriesea brassicoides (Baker) Mez"
BROMELIACEAE,"Vriesea costae","B.R. Silva & Leme","Vriesea costae B.R. Silva & Leme"
BROMELIACEAE,"Vriesea croceana","Leme & G.K.Br.","Vriesea croceana Leme & G.K.Br."
BROMELIACEAE,"Vriesea eltoniana",E.Pereira,"Vriesea eltoniana E.Pereira"
BROMELIACEAE,"Vriesea fidelensis",Leme,"Vriesea fidelensis Leme"
BROMELIACEAE,"Vriesea fluminensis",E.Pereira,"Vriesea fluminensis E.Pereira"
BROMELIACEAE,"Vriesea fontourae","B.R. Silva","Vriesea fontourae B.R. Silva"
BROMELIACEAE,"Vriesea fradensis",A.F.Costa,"Vriesea fradensis A.F.Costa"
BROMELIACEAE,"Vriesea garlippiana",Leme,"Vriesea garlippiana Leme"
BROMELIACEAE,"Vriesea gastiniana","Leme & G.K.Br.","Vriesea gastiniana Leme & G.K.Br."
BROMELIACEAE,"Vriesea goniorachis","(Baker) Mez","Vriesea goniorachis (Baker) Mez"
BROMELIACEAE,"Vriesea grandiflora",Leme,"Vriesea grandiflora Leme"
BROMELIACEAE,"Vriesea joyae","E.Pereira & I.A.Penna","Vriesea joyae E.Pereira & I.A.Penna"
BROMELIACEAE,"Vriesea leptantha",Harms,"Vriesea leptantha Harms"
BROMELIACEAE,"Vriesea lidicensis",Reitz,"Vriesea lidicensis Reitz"
BROMELIACEAE,"Vriesea nubicola",Leme,"Vriesea nubicola Leme"
BROMELIACEAE,"Vriesea pastuchoffiana",Glaz.,"Vriesea pastuchoffiana Glaz."
BROMELIACEAE,"Vriesea pauciflora",Mez,"Vriesea pauciflora Mez"
BROMELIACEAE,"Vriesea punctulata","E.Pereira & I.A.Penna","Vriesea punctulata E.Pereira & I.A.Penna"
BROMELIACEAE,"Vriesea roethii",W.Weber,"Vriesea roethii W.Weber"
BROMELIACEAE,"Vriesea rubyae",E.Pereira,"Vriesea rubyae E.Pereira"
BROMELIACEAE,"Vriesea saundersii","(Carrière) E.Morren ex Mez","Vriesea saundersii (Carrière) E.Morren ex Mez"
BROMELIACEAE,"Vriesea secundiflora",Leme,"Vriesea secundiflora Leme"
BROMELIACEAE,"Vriesea serrana","E.Pereira & I.A.Penna","Vriesea serrana E.Pereira & I.A.Penna"
BROMELIACEAE,"Vriesea sucrei","L.B.Sm. & Read","Vriesea sucrei L.B.Sm. & Read"
BROMELIACEAE,"Vriesea teresopolitana",Leme,"Vriesea teresopolitana Leme"
BROMELIACEAE,"Vriesea thyrsoidea",Mez,"Vriesea thyrsoidea Mez"
BROMELIACEAE,"Vriesea triligulata",Mez,"Vriesea triligulata Mez"
BROMELIACEAE,"Vriesea vidalii","L.B.Sm. & Handro","Vriesea vidalii L.B.Sm. & Handro"
BROMELIACEAE,"Vriesea warmingii",E.Morren,"Vriesea warmingii E.Morren"
BROMELIACEAE,"Vriesea zildae","R. Moura & A. F. Costa","Vriesea zildae R. Moura & A. F. Costa"
BRYACEAE,"Bryum turbinatum","(Hedw.) Turner","Bryum turbinatum (Hedw.) Turner"
BRYACEAE,"Ptychostomum caespiticium","(Brid.) J.R.Spence & H.P.Ramsay","Ptychostomum caespiticium (Brid.) J.R.Spence & H.P.Ramsay"
BURSERACEAE,"Tetragastris breviacuminata",Swart,"Tetragastris breviacuminata Swart"
CACTACEAE,"Pilosocereus ulei","(K.Schum.) Byles & G.D.Rowley","Pilosocereus ulei (K.Schum.) Byles & G.D.Rowley"
CACTACEAE,"Rhipsalis flagelliformis","N.P.Taylor & Zappi","Rhipsalis flagelliformis N.P.Taylor & Zappi"
CACTACEAE,"Rhipsalis mesembryanthemoides",Haw.,"Rhipsalis mesembryanthemoides Haw."
CACTACEAE,"Rhipsalis ormindoi","N.P.Taylor & Zappi","Rhipsalis ormindoi N.P.Taylor & Zappi"
CACTACEAE,"Rhipsalis pentaptera",A.Dietr.,"Rhipsalis pentaptera A.Dietr."
CALLIERGONACEAE,"Warnstorfia exannulata","(Schimp.) Loeske","Warnstorfia exannulata (Schimp.) Loeske"
CALOPHYLLACEAE,"Kielmeyera excelsa",Cambess.,"Kielmeyera excelsa Cambess."
CALOPHYLLACEAE,"Kielmeyera gracilis",Wawra,"Kielmeyera gracilis Wawra"
CALOPHYLLACEAE,"Kielmeyera insignis",Saddi,"Kielmeyera insignis Saddi"
CALOPHYLLACEAE,"Kielmeyera rizziniana",Saddi,"Kielmeyera rizziniana Saddi"
CAMPANULACEAE,"Lobelia glazioviana",Zahlbr.,"Lobelia glazioviana Zahlbr."
CAMPANULACEAE,"Lobelia santos-limae",Brade,"Lobelia santos-limae Brade"
CAMPANULACEAE,"Siphocampylus viscidus",E.Wimm.,"Siphocampylus viscidus E.Wimm."
CANELLACEAE,"Cinnamodendron sampaioanum",Occhioni,"Cinnamodendron sampaioanum Occhioni"
CAPPARACEAE,"Neocalyptrocalyx eichleriana","(Urb.) Iltis & Cornejo","Neocalyptrocalyx eichleriana (Urb.) Iltis & Cornejo"
CELASTRACEAE,"Maytenus basidentata",Reissek,"Maytenus basidentata Reissek"
CELASTRACEAE,"Maytenus samydaeformis",Reissek,"Maytenus samydaeformis Reissek"
CEPHALOZIELLACEAE,"Cylindrocolea brasiliensis","Costa et al.","Cylindrocolea brasiliensis Costa et al."
CHRYSOBALANACEAE,"Couepia parvifolia",Prance,"Couepia parvifolia Prance"
CHRYSOBALANACEAE,"Hirtella barrosoi",Prance,"Hirtella barrosoi Prance"
CHRYSOBALANACEAE,"Licania glazioviana",Warm.,"Licania glazioviana Warm."
CLUSIACEAE,"Clusia fragrans",Gardner,"Clusia fragrans Gardner"
CLUSIACEAE,"Clusia immersa",C.M.Vieira,"Clusia immersa C.M.Vieira"
CLUSIACEAE,"Clusia studartiana","C.M.Vieira & Gomes da Silva","Clusia studartiana C.M.Vieira & Gomes da Silva"
CLUSIACEAE,"Garcinia calyptrata","(Schltdl.) Bittrich","Garcinia calyptrata (Schltdl.) Bittrich"
COMBRETACEAE,"Terminalia acuminata","(Allemão) Eichler","Terminalia acuminata (Allemão) Eichler"
COMMELINACEAE,"Dichorisandra fluminensis",Brade,"Dichorisandra fluminensis Brade"
COMMELINACEAE,"Dichorisandra gaudichaudiana",Kunth,"Dichorisandra gaudichaudiana Kunth"
COMMELINACEAE,"Dichorisandra nana","Aona & M.C.E.Amaral","Dichorisandra nana Aona & M.C.E.Amaral"
COMMELINACEAE,"Dichorisandra odorata","Aona & M.C.E.Amaral","Dichorisandra odorata Aona & M.C.E.Amaral"
COMMELINACEAE,"Dichorisandra oxypetala",Hook.,"Dichorisandra oxypetala Hook."
COMMELINACEAE,"Siderasis fuscata","(Lodd.) H.E.Moore","Siderasis fuscata (Lodd.) H.E.Moore"
CONNARACEAE,"Connarus marginatus",Planch.,"Connarus marginatus Planch."
CONVOLVULACEAE,"Bonamia langsdorffii","(Meisn.) Hallier f.","Bonamia langsdorffii (Meisn.) Hallier f."
CONVOLVULACEAE,"Bonamia umbellata","(Choisy) Hallier f.","Bonamia umbellata (Choisy) Hallier f."
CUCURBITACEAE,"Cayaponia latiloba","(Cogn.) Gomes-Klein","Cayaponia latiloba (Cogn.) Gomes-Klein"
CUCURBITACEAE,"Gurania cinerea",Suessenguth,"Gurania cinerea Suessenguth"
CUCURBITACEAE,"Gurania cogniauxiana",Barb.Rodr.,"Gurania cogniauxiana Barb.Rodr."
CUCURBITACEAE,"Gurania ovata",Cogn.,"Gurania ovata Cogn."
CUCURBITACEAE,"Wilbrandia glaziovii",Cogn.,"Wilbrandia glaziovii Cogn."
CYPERACEAE,"Cyperus drummondii","Torr. & Hook.","Cyperus drummondii Torr. & Hook."
CYPERACEAE,"Eleocharis glaucovirens",Boeckeler,"Eleocharis glaucovirens Boeckeler"
CYPERACEAE,"Eleocharis schenckii",Boeckeler,"Eleocharis schenckii Boeckeler"
CYPERACEAE,"Hypolytrum glaziovii",Boeckeler,"Hypolytrum glaziovii Boeckeler"
CYPERACEAE,"Pleurostachys douglasii",C.B.Clarke,"Pleurostachys douglasii C.B.Clarke"
CYPERACEAE,"Pleurostachys turbinata","(Nees) H.Pfeiff.","Pleurostachys turbinata (Nees) H.Pfeiff."
CYPERACEAE,"Rhynchospora luetzelburgiana",Kük.,"Rhynchospora luetzelburgiana Kük."
CYPERACEAE,"Rhynchospora sampaioana",Gross,"Rhynchospora sampaioana Gross"
CYPERACEAE,"Scleria bradei",Pilg.,"Scleria bradei Pilg."
CYPERACEAE,"Trilepis tenuis",Vitta,"Trilepis tenuis Vitta"
DICHAPETALACEAE,"Stephanopodium estrellense",Baill.,"Stephanopodium estrellense Baill."
DICHAPETALACEAE,"Stephanopodium organense","(Rizzini) Prance","Stephanopodium organense (Rizzini) Prance"
DICHAPETALACEAE,"Stephanopodium sessile",Rizzini,"Stephanopodium sessile Rizzini"
DICRANACEAE,"Dicranodontium pulchroalare",Broth.,"Dicranodontium pulchroalare Broth."
DICRANACEAE,"Dicranoloma brasiliense",Herzog,"Dicranoloma brasiliense Herzog"
DILLENIACEAE,"Davilla glaziovii",Eichler,"Davilla glaziovii Eichler"
DILLENIACEAE,"Doliocarpus littoralis","(Kubitzki) Fraga & Stehmann","Doliocarpus littoralis (Kubitzki) Fraga & Stehmann"
DIOSCOREACEAE,"Dioscorea bradei",R.Knuth,"Dioscorea bradei R.Knuth"
DIOSCOREACEAE,"Dioscorea campanulata","Uline ex R.Knuth","Dioscorea campanulata Uline ex R.Knuth"
DIOSCOREACEAE,"Dioscorea campos-portoi",R.Knuth,"Dioscorea campos-portoi R.Knuth"
DIOSCOREACEAE,"Dioscorea itatiaiensis",R.Knuth,"Dioscorea itatiaiensis R.Knuth"
DIOSCOREACEAE,"Dioscorea margarethia","G.M.Barroso et al.","Dioscorea margarethia G.M.Barroso et al."
DIOSCOREACEAE,"Dioscorea oppositiflora",Griseb.,"Dioscorea oppositiflora Griseb."
DIOSCOREACEAE,"Dioscorea organensis",R.Knuth,"Dioscorea organensis R.Knuth"
DIOSCOREACEAE,"Dioscorea pedalis","(Uline ex R. Knuth) R. Couto & J. M. A. Braga","Dioscorea pedalis (Uline ex R. Knuth) R. Couto & J. M. A. Braga"
DIOSCOREACEAE,"Dioscorea pseudomacrocapsa","G.M.Barroso et al.","Dioscorea pseudomacrocapsa G.M.Barroso et al."
DIOSCOREACEAE,"Dioscorea pumilio",Griseb.,"Dioscorea pumilio Griseb."
DIOSCOREACEAE,"Dioscorea septemnervis",Vell.,"Dioscorea septemnervis Vell."
DIOSCOREACEAE,"Dioscorea sphaeroidea","R. Couto & J. M. A. Braga","Dioscorea sphaeroidea R. Couto & J. M. A. Braga"
DRYOPTERIDACEAE,"Ctenitis flexuosa","(Fée) Copel.","Ctenitis flexuosa (Fée) Copel."
DRYOPTERIDACEAE,"Elaphoglossum didymoglossoides",C.Chr.,"Elaphoglossum didymoglossoides C.Chr."
DRYOPTERIDACEAE,"Elaphoglossum macrorhizum","(Baker) C.Chr.","Elaphoglossum macrorhizum (Baker) C.Chr."
DRYOPTERIDACEAE,"Elaphoglossum miersii","(Baker) C.Chr.","Elaphoglossum miersii (Baker) C.Chr."
DRYOPTERIDACEAE,"Elaphoglossum mourae",Brade,"Elaphoglossum mourae Brade"
DRYOPTERIDACEAE,"Elaphoglossum sehnemii",Brade,"Elaphoglossum sehnemii Brade"
DRYOPTERIDACEAE,"Polystichum auritum","(Fée) Yatsk.","Polystichum auritum (Fée) Yatsk."
ERICACEAE,"Agarista organensis","(Gardner) Hook. ex Nied.","Agarista organensis (Gardner) Hook. ex Nied."
ERICACEAE,"Agarista uleana","(Sleumer) Judd","Agarista uleana (Sleumer) Judd"
ERICACEAE,"Gaylussacia angulata",Gardner,"Gaylussacia angulata Gardner"
ERICACEAE,"Gaylussacia pruinosa",Loes.,"Gaylussacia pruinosa Loes."
ERICACEAE,"Gaylussacia retivenia",Sleumer,"Gaylussacia retivenia Sleumer"
ERIOCAULACEAE,"Paepalanthus ovatus",Körn.,"Paepalanthus ovatus Körn."
ERYTHROXYLACEAE,"Erythroxylum cincinnatum",Mart.,"Erythroxylum cincinnatum Mart."
ERYTHROXYLACEAE,"Erythroxylum gaudichaudii",Peyr.,"Erythroxylum gaudichaudii Peyr."
ERYTHROXYLACEAE,"Erythroxylum glazioui",O.E.Schulz,"Erythroxylum glazioui O.E.Schulz"
ERYTHROXYLACEAE,"Erythroxylum lancifolium",Peyr.,"Erythroxylum lancifolium Peyr."
ERYTHROXYLACEAE,"Erythroxylum magnoliifolium",A.St.-Hil.,"Erythroxylum magnoliifolium A.St.-Hil."
ERYTHROXYLACEAE,"Erythroxylum occultum",Plowman,"Erythroxylum occultum Plowman"
ERYTHROXYLACEAE,"Erythroxylum ovalifolium",Peyr.,"Erythroxylum ovalifolium Peyr."
EUPHORBIACEAE,"Acalypha ampliata","Pax & K.Hoffm.","Acalypha ampliata Pax & K.Hoffm."
EUPHORBIACEAE,"Acalypha aspericocca","Pax & K.Hoffm.","Acalypha aspericocca Pax & K.Hoffm."
EUPHORBIACEAE,"Acalypha macularis","Pax & K.Hoffm.","Acalypha macularis Pax & K.Hoffm."
EUPHORBIACEAE,"Acalypha peckoltii",Müll.Arg.,"Acalypha peckoltii Müll.Arg."
EUPHORBIACEAE,"Acalypha pohliana",Müll.Arg.,"Acalypha pohliana Müll.Arg."
EUPHORBIACEAE,"Acalypha radicans",Müll.Arg.,"Acalypha radicans Müll.Arg."
EUPHORBIACEAE,"Acalypha subsana","Mart. ex Colla","Acalypha subsana Mart. ex Colla"
EUPHORBIACEAE,"Actinostemon mandiocanus","(Müll.Arg.) Pax","Actinostemon mandiocanus (Müll.Arg.) Pax"
EUPHORBIACEAE,"Algernonia gibbosa","(Pax & K.Hoffm.) Emmerich","Algernonia gibbosa (Pax & K.Hoffm.) Emmerich"
EUPHORBIACEAE,"Algernonia glazioui",Emmerich,"Algernonia glazioui Emmerich"
EUPHORBIACEAE,"Algernonia paulae",Emmerich,"Algernonia paulae Emmerich"
EUPHORBIACEAE,"Bernardia brevipes",Müll.Arg.,"Bernardia brevipes Müll.Arg."
EUPHORBIACEAE,"Caperonia velloziana",Müll.Arg.,"Caperonia velloziana Müll.Arg."
EUPHORBIACEAE,"Croton nigricans","(Mart. ex Schltdl.) Radcl.-Sm. & Govaerts","Croton nigricans (Mart. ex Schltdl.) Radcl.-Sm. & Govaerts"
EUPHORBIACEAE,"Croton tenuicaulis","van Ee & P.E. Berry","Croton tenuicaulis van Ee & P.E. Berry"
EUPHORBIACEAE,"Dalechampia granadilla",Baill.,"Dalechampia granadilla Baill."
EUPHORBIACEAE,"Euphorbia laevigata",Lam.,"Euphorbia laevigata Lam."
EUPHORBIACEAE,"Euphorbia sabulicola",Boiss.,"Euphorbia sabulicola Boiss."
EUPHORBIACEAE,"Manihot corymbiflora","Pax & K.Hoffm.","Manihot corymbiflora Pax & K.Hoffm."
EUPHORBIACEAE,"Ophthalmoblapton macrophyllum",Allemão,"Ophthalmoblapton macrophyllum Allemão"
EUPHORBIACEAE,"Sebastiania pteroclada","(Müll.Arg.) Müll.Arg.","Sebastiania pteroclada (Müll.Arg.) Müll.Arg."
EUPHORBIACEAE,"Tragia peltata",Vell.,"Tragia peltata Vell."
FABACEAE,"Aeschynomene bradei",Rudd,"Aeschynomene bradei Rudd"
FABACEAE,"Bauhinia albicans",Vogel,"Bauhinia albicans Vogel"
FABACEAE,"Dahlstedtia glaziovii","(Taub.) M.J. Silva & A.M.G. Azevedo","Dahlstedtia glaziovii (Taub.) M.J. Silva & A.M.G. Azevedo"
FABACEAE,"Dahlstedtia grandiflora","(A.M.G. Azevedo) M.J. Silva & A.M.G. Azevedo","Dahlstedtia grandiflora (A.M.G. Azevedo) M.J. Silva & A.M.G. Azevedo"
FABACEAE,"Dalbergia glaziovii",Harms,"Dalbergia glaziovii Harms"
FABACEAE,"Inga arenicola",T.D.Penn.,"Inga arenicola T.D.Penn."
FABACEAE,"Inga enterolobioides",T.D.Penn.,"Inga enterolobioides T.D.Penn."
FABACEAE,"Luetzelburgia trialata","(Ducke) Ducke","Luetzelburgia trialata (Ducke) Ducke"
FABACEAE,"Lupinus dusenianus",C.P.Sm.,"Lupinus dusenianus C.P.Sm."
FABACEAE,"Lupinus hasslerianus",C.P.Sm.,"Lupinus hasslerianus C.P.Sm."
FABACEAE,"Lupinus russellianus",C.P.Sm.,"Lupinus russellianus C.P.Sm."
FABACEAE,"Machaerium firmum","(Vell.) Benth.","Machaerium firmum (Vell.) Benth."
FABACEAE,"Machaerium legale","(Vell.) Benth.","Machaerium legale (Vell.) Benth."
FABACEAE,"Machaerium macaense","C.V. Mendonça, A.M.G. Azevedo & H.C. Lima","Machaerium macaense C.V. Mendonça, A.M.G. Azevedo & H.C. Lima"
FABACEAE,"Machaerium obovatum","Kuhlm. & Hoehne","Machaerium obovatum Kuhlm. & Hoehne"
FABACEAE,"Martiodendron fluminense",Lombardi,"Martiodendron fluminense Lombardi"
FABACEAE,"Mimosa ernestii",Harms,"Mimosa ernestii Harms"
FABACEAE,"Mimosa glazioui",Benth.,"Mimosa glazioui Benth."
FABACEAE,"Moldenhawera polysperma","(Vell.) Stellfeld","Moldenhawera polysperma (Vell.) Stellfeld"
FABACEAE,"Ormosia altimontana","J.E. Mereles & H.C. Lima","Ormosia altimontana J.E. Mereles & H.C. Lima"
FABACEAE,"Peltogyne mattosiana",Rizzini,"Peltogyne mattosiana Rizzini"
FABACEAE,"Piptadenia laxipinna",G.M.Barroso,"Piptadenia laxipinna G.M.Barroso"
FABACEAE,"Piptadenia polyptera",Benth.,"Piptadenia polyptera Benth."
FABACEAE,"Poecilanthe fluminensis","J.E. Mereles & H.C. Lima","Poecilanthe fluminensis J.E. Mereles & H.C. Lima"
FABACEAE,"Senegalia miersii","(Benth.) Seigler & Ebinger","Senegalia miersii (Benth.) Seigler & Ebinger"
FABACEAE,"Senegalia mikanii","(Benth.) Seigler & Ebinger","Senegalia mikanii (Benth.) Seigler & Ebinger"
FABACEAE,"Swartzia glazioviana","(Taub.) Glaz.","Swartzia glazioviana (Taub.) Glaz."
FABACEAE,"Swartzia submontana","R. B. Pinto, Torke & Mansano","Swartzia submontana R. B. Pinto, Torke & Mansano"
FABACEAE,"Tachigali beaurepairei","(Harms) L.G.Silva & H.C.Lima","Tachigali beaurepairei (Harms) L.G.Silva & H.C.Lima"
FABACEAE,"Zollernia glaziovii",Yakovlev,"Zollernia glaziovii Yakovlev"
FRULLANIACEAE,"Frullania brachycarpa",Spruce,"Frullania brachycarpa Spruce"
FRULLANIACEAE,"Frullania cuencensis",Taylor,"Frullania cuencensis Taylor"
GENTIANACEAE,"Prepusa alata","Porto & Brade","Prepusa alata Porto & Brade"
GENTIANACEAE,"Prepusa connata",Gardner,"Prepusa connata Gardner"
GENTIANACEAE,"Prepusa hookeriana",Gardner,"Prepusa hookeriana Gardner"
GERANIACEAE,"Geranium brasiliense",Progel,"Geranium brasiliense Progel"
GESNERIACEAE,"Besleria fluminensis",Brade,"Besleria fluminensis Brade"
GESNERIACEAE,"Besleria grandifolia",Schott,"Besleria grandifolia Schott"
GESNERIACEAE,"Besleria melancholica","(Vell.) C.V.Morton","Besleria melancholica (Vell.) C.V.Morton"
GESNERIACEAE,"Nematanthus mirabilis","(Handro) Chautems","Nematanthus mirabilis (Handro) Chautems"
GESNERIACEAE,"Nematanthus pycnophyllus","Chautems et al.","Nematanthus pycnophyllus Chautems et al."
GESNERIACEAE,"Nematanthus serpens","(Vell.) Chautems","Nematanthus serpens (Vell.) Chautems"
GESNERIACEAE,"Sinningia bulbosa","(Ker Gawl.) Wiehler","Sinningia bulbosa (Ker Gawl.) Wiehler"
GESNERIACEAE,"Sinningia cardinalis","(Lehm.) H.E.Moore","Sinningia cardinalis (Lehm.) H.E.Moore"
GESNERIACEAE,"Sinningia cochlearis","(Hook.) Chautems","Sinningia cochlearis (Hook.) Chautems"
GESNERIACEAE,"Sinningia gesneriifolia","(Hanst.) Clayberg","Sinningia gesneriifolia (Hanst.) Clayberg"
GESNERIACEAE,"Sinningia guttata",Lindl.,"Sinningia guttata Lindl."
GESNERIACEAE,"Sinningia helleri",Nees,"Sinningia helleri Nees"
GESNERIACEAE,"Sinningia hirsuta","(Lindl.) G.Nicholson","Sinningia hirsuta (Lindl.) G.Nicholson"
GESNERIACEAE,"Sinningia lateritia","(Lindl.) Chautems","Sinningia lateritia (Lindl.) Chautems"
GESNERIACEAE,"Sinningia lindleyi",Schauer,"Sinningia lindleyi Schauer"
GESNERIACEAE,"Sinningia muscicola","Chautems, T. Lopes & M. Peixoto","Sinningia muscicola Chautems, T. Lopes & M. Peixoto"
GESNERIACEAE,"Sinningia pusilla","(Mart.) Baill.","Sinningia pusilla (Mart.) Baill."
GESNERIACEAE,"Vanhouttea bradeana",Hoehne,"Vanhouttea bradeana Hoehne"
GESNERIACEAE,"Vanhouttea fruticulosa","(Glaz. ex Hoehne) Chautems","Vanhouttea fruticulosa (Glaz. ex Hoehne) Chautems"
GESNERIACEAE,"Vanhouttea gardneri","(Hook.) Fritsch","Vanhouttea gardneri (Hook.) Fritsch"
GESNERIACEAE,"Vanhouttea lanata",Fritsch,"Vanhouttea lanata Fritsch"
HELICONIACEAE,"Heliconia pseudoaemygdiana","Emygdio & E.Santos","Heliconia pseudoaemygdiana Emygdio & E.Santos"
HERBERTACEAE,"Herbertus sendtneri","(Nees) Lindb.","Herbertus sendtneri (Nees) Lindb."
HUMIRIACEAE,"Humiriastrum glaziovii","(Urb.) Cuatrec.","Humiriastrum glaziovii (Urb.) Cuatrec."
HYMENOPHYLLACEAE,"Hymenophyllum sampaioanum","Brade & Rosenst.","Hymenophyllum sampaioanum Brade & Rosenst."
IRIDACEAE,"Neomarica itatiaica","(Ravenna) A. Gil","Neomarica itatiaica (Ravenna) A. Gil"
IRIDACEAE,"Neomarica longifolia","(Link & Otto) Sprague","Neomarica longifolia (Link & Otto) Sprague"
IRIDACEAE,"Neomarica northiana","(Schneev.) Sprague","Neomarica northiana (Schneev.) Sprague"
IRIDACEAE,"Neomarica silvestris","(Vell.) Chukr","Neomarica silvestris (Vell.) Chukr"
IRIDACEAE,"Sisyrinchium glaziovii",Baker,"Sisyrinchium glaziovii Baker"
IRIDACEAE,"Trimezia organensis",Ravenna,"Trimezia organensis Ravenna"
ISOETACEAE,"Isoetes goebelii",U.Weber,"Isoetes goebelii U.Weber"
ISOETACEAE,"Isoetes organensis",U.Weber,"Isoetes organensis U.Weber"
ISOETACEAE,"Isoetes ulei",U.Weber,"Isoetes ulei U.Weber"
LAMIACEAE,"Hedeoma crenatum",Irving,"Hedeoma crenatum Irving"
LAMIACEAE,"Hyptis cymulosa",Benth.,"Hyptis cymulosa Benth."
LAMIACEAE,"Monochilus gloxiniifolius","Fisch. & C.A.Mey.","Monochilus gloxiniifolius Fisch. & C.A.Mey."
LAMIACEAE,"Salvia altissima",Pohl,"Salvia altissima Pohl"
LAMIACEAE,"Salvia benthamiana",Gardner,"Salvia benthamiana Gardner"
LAMIACEAE,"Salvia longibracteolata",E.P.Santos,"Salvia longibracteolata E.P.Santos"
LAMIACEAE,"Salvia rivularis",Gardner,"Salvia rivularis Gardner"
LAMIACEAE,"Scutellaria tubiflora",Benth.,"Scutellaria tubiflora Benth."
LAURACEAE,"Aniba pedicellata",Kosterm.,"Aniba pedicellata Kosterm."
LAURACEAE,"Beilschmiedia angustifolia",Kosterm.,"Beilschmiedia angustifolia Kosterm."
LAURACEAE,"Beilschmiedia stricta",Kosterm.,"Beilschmiedia stricta Kosterm."
LAURACEAE,"Endlicheria balsamea",Vattimo-Gil,"Endlicheria balsamea Vattimo-Gil"
LAURACEAE,"Mezilaurus navalium","(Allemão) Taub. ex Mez","Mezilaurus navalium (Allemão) Taub. ex Mez"
LAURACEAE,"Nectandra spicata",Meisn.,"Nectandra spicata Meisn."
LAURACEAE,"Ocotea abbreviata","Schwacke & Mez","Ocotea abbreviata Schwacke & Mez"
LAURACEAE,"Ocotea leucophloea","(Nees et Mart.) L.C.S. Assis e Mello-Silva","Ocotea leucophloea (Nees et Mart.) L.C.S. Assis e Mello-Silva"
LAURACEAE,"Ocotea schwackeana",Mez,"Ocotea schwackeana Mez"
LAURACEAE,"Ocotea sinaiana",Vattimo-Gil,"Ocotea sinaiana Vattimo-Gil"
LAURACEAE,"Ocotea sulcata",Vattimo-Gil,"Ocotea sulcata Vattimo-Gil"
LECYTHIDACEAE,"Couratari pyramidata","(Vell.) Kunth","Couratari pyramidata (Vell.) Kunth"
LEJEUNEACEAE,"Colura itatyana",Steph.,"Colura itatyana Steph."
LEJEUNEACEAE,"Lejeunea inflexiloba","J.B.Jack & Steph.","Lejeunea inflexiloba J.B.Jack & Steph."
LENTIBULARIACEAE,"Utricularia geminiloba",Benj.,"Utricularia geminiloba Benj."
LOGANIACEAE,"Strychnos dantaensis","E.A. Manoel, Carrijo & E.F. Gim.","Strychnos dantaensis E.A. Manoel, Carrijo & E.F. Gim."
LOGANIACEAE,"Strychnos jacarepiensis","E.A.Manoel & E.F.Guim.","Strychnos jacarepiensis E.A.Manoel & E.F.Guim."
LORANTHACEAE,"Psittacanthus pluricotyledonarius",Rizzini,"Psittacanthus pluricotyledonarius Rizzini"
LORANTHACEAE,"Struthanthus armandianus",Rizzini,"Struthanthus armandianus Rizzini"
LORANTHACEAE,"Struthanthus dorothyi",Rizzini,"Struthanthus dorothyi Rizzini"
LORANTHACEAE,"Struthanthus harlingianus",Rizzini,"Struthanthus harlingianus Rizzini"
LORANTHACEAE,"Struthanthus involucratus",Rizzini,"Struthanthus involucratus Rizzini"
LORANTHACEAE,"Struthanthus maricensis","Rizzini ex Profice","Struthanthus maricensis Rizzini"
LORANTHACEAE,"Struthanthus pentamerus",Rizzini,"Struthanthus pentamerus Rizzini"
MALPIGHIACEAE,"Banisteriopsis magdalenensis",B.Gates,"Banisteriopsis magdalenensis B.Gates"
MALPIGHIACEAE,"Bronwenia peckoltii","W.R.Anderson & C.C.Davis","Bronwenia peckoltii W.R.Anderson & C.C.Davis"
MALPIGHIACEAE,"Heteropterys occhionii",Amorim,"Heteropterys occhionii Amorim"
MALPIGHIACEAE,"Heteropterys ternstroemiifolia",A.Juss.,"Heteropterys ternstroemiifolia A.Juss."
MALPIGHIACEAE,"Hiraea wiedeana",A.Juss.,"Hiraea wiedeana A.Juss."
MALPIGHIACEAE,"Janusia diminuta","R.Sebast. & Mamede","Janusia diminuta R.Sebast. & Mamede"
MALPIGHIACEAE,"Stigmaphyllon affine",A.Juss.,"Stigmaphyllon affine A.Juss."
MALPIGHIACEAE,"Stigmaphyllon carautae",C.E.Anderson,"Stigmaphyllon carautae C.E.Anderson"
MALVACEAE,"Abutilon anodoides","A.St.-Hil. & Naudin","Abutilon anodoides A.St.-Hil. & Naudin"
MALVACEAE,"Abutilon esculentum",A.St.-Hil.,"Abutilon esculentum A.St.-Hil."
MALVACEAE,"Abutilon hirsutum","(Vell.) K.Schum.","Abutilon hirsutum (Vell.) K.Schum."
MALVACEAE,"Abutilon macrocarpum","Guillem. & Perr.","Abutilon macrocarpum Guillem. & Perr."
MALVACEAE,"Abutilon macrophyllum","A.St.-Hil. & Naudin","Abutilon macrophyllum A.St.-Hil. & Naudin"
MALVACEAE,"Byttneria beyrichiana",K.Schum.,"Byttneria beyrichiana K.Schum."
MALVACEAE,"Callianthe glaziovii","(K. Schum.) Donnel","Callianthe glaziovii (K. Schum.) Donnel"
MALVACEAE,"Callianthe rufivela","(Hochr.) Donnel","Callianthe rufivela (Hochr.) Donnel"
MALVACEAE,"Callianthe schenckii","(K. Shum.) Donnel","Callianthe schenckii (K. Shum.) Donnel"
MALVACEAE,"Callianthe sellowiana","(Klotzsch) Donnel","Callianthe sellowiana (Klotzsch) Donnel"
MALVACEAE,"Callianthe senilis","(K. Schum) Donnel","Callianthe senilis (K. Schum) Donnel"
MALVACEAE,"Gaya gaudichaudiana",A.St.-Hil.,"Gaya gaudichaudiana A.St.-Hil."
MALVACEAE,"Sida petropolitana",Mont.,"Sida petropolitana Mont."
MALVACEAE,"Sida sampaiana",Mont.,"Sida sampaiana Mont."
MALVACEAE,"Sida schumanniana",Krapov.,"Sida schumanniana Krapov."
MALVACEAE,"Waltheria glazioviana",K.Schum.,"Waltheria glazioviana K.Schum."
MALVACEAE,"Waltheria petiolata",K.Schum.,"Waltheria petiolata K.Schum."
MARANTACEAE,"Goeppertia dorothyae","(J.M.A. Braga & H. Kenn.) J.M.A. Braga","Goeppertia dorothyae (J.M.A. Braga & H. Kenn.) J.M.A. Braga"
MARANTACEAE,"Goeppertia fatimae","(H.Kenn. & J.M.A.Braga) Borchs. & S.Suárez","Goeppertia fatimae (H.Kenn. & J.M.A.Braga) Borchs. & S.Suárez"
MARANTACEAE,"Goeppertia grazielae","(H.Kenn. & J.M.A.Braga) Borchs. & S.Suárez","Goeppertia grazielae (H.Kenn. & J.M.A.Braga) Borchs. & S.Suárez"
MARANTACEAE,"Goeppertia reginae","(J.M.A.Braga) Borchs. & S.Suárez","Goeppertia reginae (J.M.A.Braga) Borchs. & S.Suárez"
MARANTACEAE,"Goeppertia sphaerocephala","(K.Schum.) Borchs. & S.Suárez","Goeppertia sphaerocephala (K.Schum.) Borchs. & S.Suárez"
MARANTACEAE,"Thalia petersiana","K. Schum.","Thalia petersiana K. Schum."
MARCGRAVIACEAE,"Marcgravia comosa",C.Presl,"Marcgravia comosa C.Presl"
MARCGRAVIACEAE,"Souroubea platyadenia","(Gilg) de Roon","Souroubea platyadenia (Gilg) de Roon"
MARCHANTIACEAE,"Marchantia breviloba",A.Evans,"Marchantia breviloba A.Evans"
MARCHANTIACEAE,"Marchantia paleacea",Bert.,"Marchantia paleacea Bert."
MELASTOMATACEAE,"Behuria cordifolia",Cogn.,"Behuria cordifolia Cogn."
MELASTOMATACEAE,"Behuria corymbosa",Cogn.,"Behuria corymbosa Cogn."
MELASTOMATACEAE,"Behuria edmundoi",Brade,"Behuria edmundoi Brade"
MELASTOMATACEAE,"Behuria glazioviana",Cogn.,"Behuria glazioviana Cogn."
MELASTOMATACEAE,"Behuria huberioides",Brade,"Behuria huberioides Brade"
MELASTOMATACEAE,"Behuria limae",Brade,"Behuria limae Brade"
MELASTOMATACEAE,"Behuria magdalenensis","(Brade) R.Tav. & Baumgratz","Behuria magdalenensis (Brade) R.Tav. & Baumgratz"
MELASTOMATACEAE,"Behuria mouraei",Cogn.,"Behuria mouraei Cogn."
MELASTOMATACEAE,"Behuria organensis","(Saldanha & Cogn.) R.Tav. & Baumgratz","Behuria organensis (Saldanha & Cogn.) R.Tav. & Baumgratz"
MELASTOMATACEAE,"Bertolonia grazielae",Baumgratz,"Bertolonia grazielae Baumgratz"
MELASTOMATACEAE,"Bertolonia valenteana",Baumgratz,"Bertolonia valenteana Baumgratz"
MELASTOMATACEAE,"Bisglaziovia behurioides",Cogn.,"Bisglaziovia behurioides Cogn."
MELASTOMATACEAE,"Clidemia raddiana",Cogn.,"Clidemia raddiana Cogn."
MELASTOMATACEAE,"Huberia minor",Cogn.,"Huberia minor Cogn."
MELASTOMATACEAE,"Huberia parvifolia",Cogn.,"Huberia parvifolia Cogn."
MELASTOMATACEAE,"Huberia triplinervis",Cogn.,"Huberia triplinervis Cogn."
MELASTOMATACEAE,"Itatiaia cleistopetala","(Ule) Ule","Itatiaia cleistopetala (Ule) Ule"
MELASTOMATACEAE,"Leandra alpestris","(Gardner) Cogn.","Leandra alpestris (Gardner) Cogn."
MELASTOMATACEAE,"Leandra altomacaensis","Baumgratz & D`El Rei Souza","Leandra altomacaensis Baumgratz & D`El Rei Souza"
MELASTOMATACEAE,"Leandra atrata",Cogn.,"Leandra atrata Cogn."
MELASTOMATACEAE,"Leandra atroviridis",Cogn.,"Leandra atroviridis Cogn."
MELASTOMATACEAE,"Leandra attenuata",Cogn.,"Leandra attenuata Cogn."
MELASTOMATACEAE,"Leandra breviflora",Cogn.,"Leandra breviflora Cogn."
MELASTOMATACEAE,"Leandra chaetocalyx","(A.Gray) Cogn.","Leandra chaetocalyx (A.Gray) Cogn."
MELASTOMATACEAE,"Leandra dentata",Cogn.,"Leandra dentata Cogn."
MELASTOMATACEAE,"Leandra depauperata","Cogn. ex Kuntze","Leandra depauperata Cogn. ex Kuntze"
MELASTOMATACEAE,"Leandra freyreissii",Cogn.,"Leandra freyreissii Cogn."
MELASTOMATACEAE,"Leandra laxa",Cogn.,"Leandra laxa Cogn."
MELASTOMATACEAE,"Leandra magdalenensis",Brade,"Leandra magdalenensis Brade"
MELASTOMATACEAE,"Leandra markgrafii",Brade,"Leandra markgrafii Brade"
MELASTOMATACEAE,"Leandra mollis",Cogn.,"Leandra mollis Cogn."
MELASTOMATACEAE,"Leandra mouraei",Cogn.,"Leandra mouraei Cogn."
MELASTOMATACEAE,"Leandra multisetosa",Cogn.,"Leandra multisetosa Cogn."
MELASTOMATACEAE,"Leandra niangaeformis",Cogn.,"Leandra niangaeformis Cogn."
MELASTOMATACEAE,"Leandra organensis",Cogn.,"Leandra organensis Cogn."
MELASTOMATACEAE,"Leandra pubescens",Cogn.,"Leandra pubescens Cogn."
MELASTOMATACEAE,"Leandra rubida",Cogn.,"Leandra rubida Cogn."
MELASTOMATACEAE,"Leandra saldanhaei",Cogn.,"Leandra saldanhaei Cogn."
MELASTOMATACEAE,"Leandra schwackei",Cogn.,"Leandra schwackei Cogn."
MELASTOMATACEAE,"Leandra sessiliflora",Cogn.,"Leandra sessiliflora Cogn."
MELASTOMATACEAE,"Leandra sphaerocarpa",Cogn.,"Leandra sphaerocarpa Cogn."
MELASTOMATACEAE,"Leandra tetragona",Cogn.,"Leandra tetragona Cogn."
MELASTOMATACEAE,"Meriania excelsa","(Gardner) Cogn.","Meriania excelsa (Gardner) Cogn."
MELASTOMATACEAE,"Meriania glabra","(DC.) Triana","Meriania glabra (DC.) Triana"
MELASTOMATACEAE,"Meriania glazioviana",Cogn.,"Meriania glazioviana Cogn."
MELASTOMATACEAE,"Meriania longipes",Triana,"Meriania longipes Triana"
MELASTOMATACEAE,"Meriania robusta",Cogn.,"Meriania robusta Cogn."
MELASTOMATACEAE,"Miconia altissima",Cogn.,"Miconia altissima Cogn."
MELASTOMATACEAE,"Miconia argyraea",Cogn.,"Miconia argyraea Cogn."
MELASTOMATACEAE,"Miconia augusti",Cogn.,"Miconia augusti Cogn."
MELASTOMATACEAE,"Miconia cinerea",Cogn.,"Miconia cinerea Cogn."
MELASTOMATACEAE,"Miconia dichroa",Cogn.,"Miconia dichroa Cogn."
MELASTOMATACEAE,"Miconia divaricata",Gardner,"Miconia divaricata Gardner"
MELASTOMATACEAE,"Miconia eichleri",Cogn.,"Miconia eichleri Cogn."
MELASTOMATACEAE,"Miconia elaeodendron","(DC.) Naudin","Miconia elaeodendron (DC.) Naudin"
MELASTOMATACEAE,"Miconia fluminensis",Ule,"Miconia fluminensis Ule"
MELASTOMATACEAE,"Miconia gigantea",Cogn.,"Miconia gigantea Cogn."
MELASTOMATACEAE,"Miconia gilva",Cogn.,"Miconia gilva Cogn."
MELASTOMATACEAE,"Miconia glazioviana",Cogn.,"Miconia glazioviana Cogn."
MELASTOMATACEAE,"Miconia inaequidens","(DC.) Naudin","Miconia inaequidens (DC.) Naudin"
MELASTOMATACEAE,"Miconia klotzschii",Triana,"Miconia klotzschii Triana"
MELASTOMATACEAE,"Miconia laeta",Cogn.,"Miconia laeta Cogn."
MELASTOMATACEAE,"Miconia mourae",Cogn.,"Miconia mourae Cogn."
MELASTOMATACEAE,"Miconia oblongifolia",Cogn.,"Miconia oblongifolia Cogn."
MELASTOMATACEAE,"Miconia ovalifolia",Cogn.,"Miconia ovalifolia Cogn."
MELASTOMATACEAE,"Miconia ovata",Cogn.,"Miconia ovata Cogn."
MELASTOMATACEAE,"Miconia penduliflora",Cogn.,"Miconia penduliflora Cogn."
MELASTOMATACEAE,"Miconia petroniana","Cogn. & Saldanha","Miconia petroniana Cogn. & Saldanha"
MELASTOMATACEAE,"Miconia pseudoeichleri",Cogn.,"Miconia pseudoeichleri Cogn."
MELASTOMATACEAE,"Miconia pulchra",Cogn.,"Miconia pulchra Cogn."
MELASTOMATACEAE,"Miconia rabenii",Cogn.,"Miconia rabenii Cogn."
MELASTOMATACEAE,"Miconia saldanhae",Cogn.,"Miconia saldanhae Cogn."
MELASTOMATACEAE,"Miconia subvernicosa",Cogn.,"Miconia subvernicosa Cogn."
MELASTOMATACEAE,"Mouriri arenicola",Morley,"Mouriri arenicola Morley"
MELASTOMATACEAE,"Pleiochiton glaziovianum",Cogn.,"Pleiochiton glaziovianum Cogn."
MELASTOMATACEAE,"Pleiochiton longipetiolatum",Brade,"Pleiochiton longipetiolatum Brade"
MELASTOMATACEAE,"Pleiochiton magdalenense",Brade,"Pleiochiton magdalenense Brade"
MELASTOMATACEAE,"Pleiochiton micranthum",Cogn.,"Pleiochiton micranthum Cogn."
MELASTOMATACEAE,"Pleiochiton parvifolium",Cogn.,"Pleiochiton parvifolium Cogn."
MELASTOMATACEAE,"Tibouchina alata",Cogn.,"Tibouchina alata Cogn."
MELASTOMATACEAE,"Tibouchina australis","(Triana) Cogn.","Tibouchina australis (Triana) Cogn."
MELASTOMATACEAE,"Tibouchina axillaris",Cogn.,"Tibouchina axillaris Cogn."
MELASTOMATACEAE,"Tibouchina benthamiana","(Gardner) Cogn.","Tibouchina benthamiana (Gardner) Cogn."
MELASTOMATACEAE,"Tibouchina cordifolia",Cogn.,"Tibouchina cordifolia Cogn."
MELASTOMATACEAE,"Tibouchina corymbosa","(Raddi) Cogn.","Tibouchina corymbosa (Raddi) Cogn."
MELASTOMATACEAE,"Tibouchina cristata",Brade,"Tibouchina cristata Brade"
MELASTOMATACEAE,"Tibouchina discolor",Brade,"Tibouchina discolor Brade"
MELASTOMATACEAE,"Tibouchina elegans","(Gardner) Cogn.","Tibouchina elegans (Gardner) Cogn."
MELASTOMATACEAE,"Tibouchina floribunda",Cogn.,"Tibouchina floribunda Cogn."
MELASTOMATACEAE,"Tibouchina granulosa","(Desr.) Cogn.","Tibouchina granulosa (Desr.) Cogn."
MELASTOMATACEAE,"Tibouchina hirsutissima",Cogn.,"Tibouchina hirsutissima Cogn."
MELASTOMATACEAE,"Tibouchina lilacina",Cogn.,"Tibouchina lilacina Cogn."
MELASTOMATACEAE,"Tibouchina maximiliana","(DC.) Baill.","Tibouchina maximiliana (DC.) Baill."
MELASTOMATACEAE,"Tibouchina moricandiana",Baill.,"Tibouchina moricandiana Baill."
MELASTOMATACEAE,"Tibouchina pallida",Cogn.,"Tibouchina pallida Cogn."
MELASTOMATACEAE,"Tibouchina raddiana","(DC.) Cogn.","Tibouchina raddiana (DC.) Cogn."
MELASTOMATACEAE,"Tibouchina schwackei",Cogn.,"Tibouchina schwackei Cogn."
MELASTOMATACEAE,"Tibouchina thereminiana","(DC.) Cogn.","Tibouchina thereminiana (DC.) Cogn."
MELASTOMATACEAE,"Tibouchina virgata","(Gardner) Cogn.","Tibouchina virgata (Gardner) Cogn."
MELIACEAE,"Trichilia luciae",Barreiros,"Trichilia luciae Barreiros"
MONIMIACEAE,"Grazielanthus arkeocarpus","Peixoto & Per.-Moura","Grazielanthus arkeocarpus Peixoto & Per.-Moura"
MONIMIACEAE,"Macropeplus friburgensis","(Perkins) I.Santos & Peixoto","Macropeplus friburgensis (Perkins) I.Santos & Peixoto"
MONIMIACEAE,"Mollinedia acutissima",Perkins,"Mollinedia acutissima Perkins"
MONIMIACEAE,"Mollinedia corcovadensis",Perkins,"Mollinedia corcovadensis Perkins"
MONIMIACEAE,"Mollinedia longicuspidata",Perkins,"Mollinedia longicuspidata Perkins"
MONIMIACEAE,"Mollinedia marliae","Peixoto & V. Pereira","Mollinedia marliae Peixoto & V. Pereira"
MONIMIACEAE,"Mollinedia stenophylla",Perkins,"Mollinedia stenophylla Perkins"
MORACEAE,"Dorstenia brevipetiolata",C.C.Berg,"Dorstenia brevipetiolata C.C.Berg"
MORACEAE,"Dorstenia fischeri",Bureau,"Dorstenia fischeri Bureau"
MORACEAE,"Dorstenia ramosa","(Desv.) Carauta, C.Valente & Sucre","Dorstenia ramosa (Desv.) Carauta, C.Valente & Sucre"
MORACEAE,"Maclura brasiliensis","(Mart.) Endl.","Maclura brasiliensis (Mart.) Endl."
MORACEAE,"Sorocea carautana","M.D.M.Vianna et al.","Sorocea carautana M.D.M.Vianna et al."
MYRTACEAE,"Calyptranthes anceps",O.Berg,"Calyptranthes anceps O.Berg"
MYRTACEAE,"Calyptranthes aromatica",A.St.-Hil.,"Calyptranthes aromatica A.St.-Hil."
MYRTACEAE,"Calyptranthes bimarginata",O.Berg,"Calyptranthes bimarginata O.Berg"
MYRTACEAE,"Calyptranthes caudata",Gardner,"Calyptranthes caudata Gardner"
MYRTACEAE,"Calyptranthes grandiflora",O.Berg,"Calyptranthes grandiflora O.Berg"
MYRTACEAE,"Calyptranthes martiusiana",DC.,"Calyptranthes martiusiana DC."
MYRTACEAE,"Calyptranthes ursina","Barroso & Peixoto","Calyptranthes ursina Barroso & Peixoto"
MYRTACEAE,"Campomanesia fruticosa","(Vell.) O.Berg","Campomanesia fruticosa (Vell.) O.Berg"
MYRTACEAE,"Campomanesia hirsuta",Gardner,"Campomanesia hirsuta Gardner"
MYRTACEAE,"Campomanesia lundiana","(Kiaersk.) Mattos","Campomanesia lundiana (Kiaersk.) Mattos"
MYRTACEAE,"Campomanesia mediterranea","(Vell.) O.Berg","Campomanesia mediterranea (Vell.) O.Berg"
MYRTACEAE,"Campomanesia terminalis","(Vell.) Mattos","Campomanesia terminalis (Vell.) Mattos"
MYRTACEAE,"Eugenia adenocarpa",O.Berg,"Eugenia adenocarpa O.Berg"
MYRTACEAE,"Eugenia arrabidae",O.Berg,"Eugenia arrabidae O.Berg"
MYRTACEAE,"Eugenia arvensis",Vell.,"Eugenia arvensis Vell."
MYRTACEAE,"Eugenia augustana",Kiaersk.,"Eugenia augustana Kiaersk."
MYRTACEAE,"Eugenia brachysepala",Kiaersk.,"Eugenia brachysepala Kiaersk."
MYRTACEAE,"Eugenia cambucae",Mattos,"Eugenia cambucae Mattos"
MYRTACEAE,"Eugenia chlorocarpa",O.Berg,"Eugenia chlorocarpa O.Berg"
MYRTACEAE,"Eugenia cinerascens",Gardner,"Eugenia cinerascens Gardner"
MYRTACEAE,"Eugenia coccifera",O.Berg,"Eugenia coccifera O.Berg"
MYRTACEAE,"Eugenia corcovadensis",Kiaersk.,"Eugenia corcovadensis Kiaersk."
MYRTACEAE,"Eugenia crenata",Vell.,"Eugenia crenata Vell."
MYRTACEAE,"Eugenia decussata","(Vell.) Mattos","Eugenia decussata (Vell.) Mattos"
MYRTACEAE,"Eugenia expansa","Spring ex Mart.","Eugenia expansa Spring ex Mart."
MYRTACEAE,"Eugenia grandifolia",O.Berg,"Eugenia grandifolia O.Berg"
MYRTACEAE,"Eugenia grazielae","Mattos & D.Legrand","Eugenia grazielae Mattos & D.Legrand"
MYRTACEAE,"Eugenia irirensis",O.Berg,"Eugenia irirensis O.Berg"
MYRTACEAE,"Eugenia itaguahiensis",Nied.,"Eugenia itaguahiensis Nied."
MYRTACEAE,"Eugenia kuhlmanniana","Mattos & D.Legrand","Eugenia kuhlmanniana Mattos & D.Legrand"
MYRTACEAE,"Eugenia magnifica","Spring ex Mart.","Eugenia magnifica Spring ex Mart."
MYRTACEAE,"Eugenia marambaiensis","M.C.Souza & M.P.Lima","Eugenia marambaiensis M.C.Souza & M.P.Lima"
MYRTACEAE,"Eugenia martiana","(O.Berg) Mattos","Eugenia martiana (O.Berg) Mattos"
MYRTACEAE,"Eugenia oxyoentophylla",Kiaersk.,"Eugenia oxyoentophylla Kiaersk."
MYRTACEAE,"Eugenia puberula",Nied.,"Eugenia puberula Nied."
MYRTACEAE,"Eugenia pulcherrima",Kiaersk.,"Eugenia pulcherrima Kiaersk."
MYRTACEAE,"Eugenia sprengelii",DC.,"Eugenia sprengelii DC."
MYRTACEAE,"Eugenia stenosepala",Kiaersk.,"Eugenia stenosepala Kiaersk."
MYRTACEAE,"Eugenia strellensis",O.Berg,"Eugenia strellensis O.Berg"
MYRTACEAE,"Eugenia strigipes",O.Berg,"Eugenia strigipes O.Berg"
MYRTACEAE,"Eugenia teixeireana","(Mattos) Mattos","Eugenia teixeireana (Mattos) Mattos"
MYRTACEAE,"Eugenia violascens",O.Berg,"Eugenia violascens O.Berg"
MYRTACEAE,"Marlierea capitata",O.Berg,"Marlierea capitata O.Berg"
MYRTACEAE,"Marlierea choriophylla",Kiaersk.,"Marlierea choriophylla Kiaersk."
MYRTACEAE,"Marlierea estrellensis",O.Berg,"Marlierea estrellensis O.Berg"
MYRTACEAE,"Marlierea guanabarina","Mattos & D.Legrand","Marlierea guanabarina Mattos & D.Legrand"
MYRTACEAE,"Marlierea langsdorffii",O.Berg,"Marlierea langsdorffii O.Berg"
MYRTACEAE,"Marlierea martinellii","G.M.Barroso & Peixoto","Marlierea martinellii G.M.Barroso & Peixoto"
MYRTACEAE,"Marlierea occhionii",D.Legrand,"Marlierea occhionii D.Legrand"
MYRTACEAE,"Marlierea resupinata","(Vell.) O.Berg","Marlierea resupinata (Vell.) O.Berg"
MYRTACEAE,"Marlierea sessiliflora",O.Berg,"Marlierea sessiliflora O.Berg"
MYRTACEAE,"Marlierea silvestris","(Vell.) Mattos","Marlierea silvestris (Vell.) Mattos"
MYRTACEAE,"Myrcia badia","(O.Berg) N.Silveira","Myrcia badia (O.Berg) N.Silveira"
MYRTACEAE,"Myrcia colpodes",Kiaersk.,"Myrcia colpodes Kiaersk."
MYRTACEAE,"Myrcia dolichopetala",Kiaersk.,"Myrcia dolichopetala Kiaersk."
MYRTACEAE,"Myrcia magnifolia","(O.Berg) Kiaersk.","Myrcia magnifolia (O.Berg) Kiaersk."
MYRTACEAE,"Myrcia neocambessedeana","E.Lucas & Sobral","Myrcia neocambessedeana E.Lucas & Sobral"
MYRTACEAE,"Myrcia oreioeca",Kiaersk.,"Myrcia oreioeca Kiaersk."
MYRTACEAE,"Myrcia rubiginosa",Cambess.,"Myrcia rubiginosa Cambess."
MYRTACEAE,"Myrcia stewartiana",O.Berg,"Myrcia stewartiana O.Berg"
MYRTACEAE,"Myrcia velutiflora","(Mattos & D.Legrand) Mattos","Myrcia velutiflora (Mattos & D.Legrand) Mattos"
MYRTACEAE,"Myrcia warmingiana",Kiaersk.,"Myrcia warmingiana Kiaersk."
MYRTACEAE,"Myrciaria pallida",O.Berg,"Myrciaria pallida O.Berg"
MYRTACEAE,"Myrciaria pumila","(Gardner) O.Berg","Myrciaria pumila (Gardner) O.Berg"
MYRTACEAE,"Neomitranthes apiculata","(Burret) Mattos","Neomitranthes apiculata (Burret) Mattos"
MYRTACEAE,"Neomitranthes riedeliana","(O.Berg) Mattos","Neomitranthes riedeliana (O.Berg) Mattos"
MYRTACEAE,"Plinia anonyma",Sobral,"Plinia anonyma Sobral"
MYRTACEAE,"Plinia ilhensis",G.M.Barroso,"Plinia ilhensis G.M.Barroso"
MYRTACEAE,"Plinia marqueteana",G.M.Barroso,"Plinia marqueteana G.M.Barroso"
MYRTACEAE,"Plinia martinellii","G.M.Barroso & M.Peron","Plinia martinellii G.M.Barroso & M.Peron"
MYRTACEAE,"Plinia sebastianopolitana",G.M.Barroso,"Plinia sebastianopolitana G.M.Barroso"
MYRTACEAE,"Psidium anthomega",Vell.,"Psidium anthomega Vell."
MYRTACEAE,"Psidium arboreum",Vell.,"Psidium arboreum Vell."
OCHNACEAE,"Luxemburgia glazioviana","(Engl.) Beauverd","Luxemburgia glazioviana (Engl.) Beauverd"
OCHNACEAE,"Ouratea campos-portoi",Sleumer,"Ouratea campos-portoi Sleumer"
OCHNACEAE,"Ouratea grandifolia","(Planch.) Engl.","Ouratea grandifolia (Planch.) Engl."
OCHNACEAE,"Ouratea miersii","(Planch.) Engl.","Ouratea miersii (Planch.) Engl."
OCHNACEAE,"Ouratea polita","(C.Presl) Engl.","Ouratea polita (C.Presl) Engl."
OCHNACEAE,"Ouratea stipulata","(Vell.) Engl.","Ouratea stipulata (Vell.) Engl."
OLACACEAE,"Cathedra grandiflora",Loes.,"Cathedra grandiflora Loes."
OLACACEAE,"Dulacia singularis",Vell.,"Dulacia singularis Vell."
OLEACEAE,"Chionanthus fluminensis","(Miers) P.S.Green","Chionanthus fluminensis (Miers) P.S.Green"
OLEACEAE,"Chionanthus tenuis",P.S.Green,"Chionanthus tenuis P.S.Green"
ONAGRACEAE,"Fuchsia alpestris",Gardner,"Fuchsia alpestris Gardner"
ONAGRACEAE,"Fuchsia campos-portoi","Pilg. & Schulze-Menz","Fuchsia campos-portoi Pilg. & Schulze-Menz"
ONAGRACEAE,"Fuchsia glazioviana",Taub.,"Fuchsia glazioviana Taub."
OPILIACEAE,"Agonandra fluminensis","Rizzini & Occhioni","Agonandra fluminensis Rizzini & Occhioni"
ORCHIDACEAE,"Acianthera bidentata","(Lindl.) F.Barros & L.Guimarães","Acianthera bidentata (Lindl.) F.Barros & L.Guimarães"
ORCHIDACEAE,"Acianthera exdrasii","(Luer & Toscano) Luer","Acianthera exdrasii (Luer & Toscano) Luer"
ORCHIDACEAE,"Acianthera pavimentata","(Rchb.f.) Pridgeon & M.W.Chase","Acianthera pavimentata (Rchb.f.) Pridgeon & M.W.Chase"
ORCHIDACEAE,"Acianthera subrotundifolia","(Cogn.) F.Barros & V.T.Rodrigues","Acianthera subrotundifolia (Cogn.) F.Barros & V.T.Rodrigues"
ORCHIDACEAE,"Anathallis flammea","(Barb.Rodr.) F.Barros","Anathallis flammea (Barb.Rodr.) F.Barros"
ORCHIDACEAE,"Anathallis githaginea","(Pabst & Garay) Pridgeon & M.W.Chase","Anathallis githaginea (Pabst & Garay) Pridgeon & M.W.Chase"
ORCHIDACEAE,"Anathallis lichenophila","(Porto & Brade) Luer","Anathallis lichenophila (Porto & Brade) Luer"
ORCHIDACEAE,"Anathallis pubipetala","(Hoehne) Pridgeon & M.W.Chase","Anathallis pubipetala (Hoehne) Pridgeon & M.W.Chase"
ORCHIDACEAE,"Anathallis rubrolimbata","(Hoehne) F.Barros & Barberena","Anathallis rubrolimbata (Hoehne) F.Barros & Barberena"
ORCHIDACEAE,"Anathallis spannageliana","(Hoehne) Pridgeon & M.W.Chase","Anathallis spannageliana (Hoehne) Pridgeon & M.W.Chase"
ORCHIDACEAE,"Baptistonia pulchella","(Regel) Chiron & V.P.Castro","Baptistonia pulchella (Regel) Chiron & V.P.Castro"
ORCHIDACEAE,"Barbosella macaheensis","(Cogn.) Luer","Barbosella macaheensis (Cogn.) Luer"
ORCHIDACEAE,"Brasilaelia fidelensis","(Pabst) Gutfreund","Brasilaelia fidelensis (Pabst) Gutfreund"
ORCHIDACEAE,"Brasilidium dasytyle","(Rchb.f.) F.Barros & V.T.Rodrigues","Brasilidium dasytyle (Rchb.f.) F.Barros & V.T.Rodrigues"
ORCHIDACEAE,"Brasiliorchis heismanniana","(Barb.Rodr.) R.B.Singer et al.","Brasiliorchis heismanniana (Barb.Rodr.) R.B.Singer et al."
ORCHIDACEAE,"Brasiliorchis polyantha","(Barb.Rodr.) R.B.Singer et al.","Brasiliorchis polyantha (Barb.Rodr.) R.B.Singer et al."
ORCHIDACEAE,"Bulbophyllum macroceras",Barb.Rodr.,"Bulbophyllum macroceras Barb.Rodr."
ORCHIDACEAE,"Campylocentrum calostachyum","(Barb. Rodr.) Cogn.","Campylocentrum calostachyum (Barb. Rodr.) Cogn."
ORCHIDACEAE,"Campylocentrum organense","(Rchb.f.) Rolfe","Campylocentrum organense (Rchb.f.) Rolfe"
ORCHIDACEAE,"Catasetum globiflorum",Hook.,"Catasetum globiflorum Hook."
ORCHIDACEAE,"Cattleya dormaniana",Rchb.f.,"Cattleya dormaniana Rchb.f."
ORCHIDACEAE,"Centroglossa greeniana","(Rchb.f.) Cogn.","Centroglossa greeniana (Rchb.f.) Cogn."
ORCHIDACEAE,"Cleistes liliastrum",Rchb.f.,"Cleistes liliastrum Rchb.f."
ORCHIDACEAE,"Cleistes miersii",Gardner,"Cleistes miersii Gardner"
ORCHIDACEAE,"Coppensia edmundoi","(Pabst) Campacci","Coppensia edmundoi (Pabst) Campacci"
ORCHIDACEAE,"Cyclopogon gardneri","Mytnik et al.","Cyclopogon gardneri Mytnik et al."
ORCHIDACEAE,"Cyclopogon proboscideus",Szlach.,"Cyclopogon proboscideus Szlach."
ORCHIDACEAE,"Cyclopogon venustus","(Barb.Rodr) Schltr.","Cyclopogon venustus (Barb.Rodr) Schltr."
ORCHIDACEAE,"Encyclia viridiflora",Hook.,"Encyclia viridiflora Hook."
ORCHIDACEAE,"Epidendrum ammophilum",Barb.Rodr.,"Epidendrum ammophilum Barb.Rodr."
ORCHIDACEAE,"Epidendrum goebelii",Schltr.,"Epidendrum goebelii Schltr."
ORCHIDACEAE,"Epidendrum harrisoniae",Hook.,"Epidendrum harrisoniae Hook."
ORCHIDACEAE,"Epistephium portellianum",Barb.Rodr.,"Epistephium portellianum Barb.Rodr."
ORCHIDACEAE,"Eurystyles lobata","Chiron & V.P.Castro","Eurystyles lobata Chiron & V.P.Castro"
ORCHIDACEAE,"Eurystyles rutkowskiana",Szlach.,"Eurystyles rutkowskiana Szlach."
ORCHIDACEAE,"Gomesa messmeriana","(Campacci) Laitano","Gomesa messmeriana (Campacci) Laitano"
ORCHIDACEAE,"Habenaria gnoma",Barb.Rodr.,"Habenaria gnoma Barb.Rodr."
ORCHIDACEAE,"Hadrolaelia acuensis","(Fowlie) Chiron & V.P.Castro","Hadrolaelia acuensis (Fowlie) Chiron & V.P.Castro"
ORCHIDACEAE,"Hapalorchis cymbirostris",Szlach.,"Hapalorchis cymbirostris Szlach."
ORCHIDACEAE,"Hapalorchis panduratus",Szlach.,"Hapalorchis panduratus Szlach."
ORCHIDACEAE,"Hoffmannseggella alvaroana","(F.E.L.Miranda) V.P.Castro & Chiron","Hoffmannseggella alvaroana (F.E.L.Miranda) V.P.Castro & Chiron"
ORCHIDACEAE,"Lankesterella parvula","(Kraenzl.) Pabst","Lankesterella parvula (Kraenzl.) Pabst"
ORCHIDACEAE,"Lankesterella pilosa","(Cogn.) Hoehne","Lankesterella pilosa (Cogn.) Hoehne"
ORCHIDACEAE,"Lankesterella spannageliana","(Hoehne & Brade) Mansf.","Lankesterella spannageliana (Hoehne & Brade) Mansf."
ORCHIDACEAE,"Maxillaria pterocarpa",Barb.Rodr.,"Maxillaria pterocarpa Barb.Rodr."
ORCHIDACEAE,"Miltonia flava",Lindl.,"Miltonia flava Lindl."
ORCHIDACEAE,"Octomeria aetheoantha",Barb.Rodr.,"Octomeria aetheoantha Barb.Rodr."
ORCHIDACEAE,"Octomeria cariocana",Pabst,"Octomeria cariocana Pabst"
ORCHIDACEAE,"Octomeria cochlearis",Rchb.f.,"Octomeria cochlearis Rchb.f."
ORCHIDACEAE,"Octomeria fimbriata","Porto & Peixoto","Octomeria fimbriata Porto & Peixoto"
ORCHIDACEAE,"Octomeria helvola",Barb.Rodr.,"Octomeria helvola Barb.Rodr."
ORCHIDACEAE,"Octomeria itatiaiae","Brade & Pabst","Octomeria itatiaiae Brade & Pabst"
ORCHIDACEAE,"Octomeria minuta",Cogn.,"Octomeria minuta Cogn."
ORCHIDACEAE,"Octomeria multiflora",Barb.Rodr.,"Octomeria multiflora Barb.Rodr."
ORCHIDACEAE,"Octomeria pumila",Seehawer,"Octomeria pumila Seehawer"
ORCHIDACEAE,"Octomeria rodeiensis",Barb.Rodr.,"Octomeria rodeiensis Barb.Rodr."
ORCHIDACEAE,"Octomeria rodriguesii",Cogn.,"Octomeria rodriguesii Cogn."
ORCHIDACEAE,"Octomeria sarcophylla",Barb.Rodr.,"Octomeria sarcophylla Barb.Rodr."
ORCHIDACEAE,"Pabstia placanthera","(Hook.) Garay","Pabstia placanthera (Hook.) Garay"
ORCHIDACEAE,"Pabstiella calcarata","(Cogn.) Luer","Pabstiella calcarata (Cogn.) Luer"
ORCHIDACEAE,"Pabstiella crassicaulis","(Barb.Rodr.) Luer","Pabstiella crassicaulis (Barb.Rodr.) Luer"
ORCHIDACEAE,"Pabstiella elegantula","(Cogn.) Luer","Pabstiella elegantula (Cogn.) Luer"
ORCHIDACEAE,"Pabstiella gracilicaulis","(Seehawer) Luer","Pabstiella gracilicaulis (Seehawer) Luer"
ORCHIDACEAE,"Pabstiella spathuliglossa","(Hoehne) Luer","Pabstiella spathuliglossa (Hoehne) Luer"
ORCHIDACEAE,"Pabstiella tabacina","(Barb.Rodr.) Luer","Pabstiella tabacina (Barb.Rodr.) Luer"
ORCHIDACEAE,"Pelexia longibracteata",Pabst,"Pelexia longibracteata Pabst"
ORCHIDACEAE,"Pelexia luetzelburgii",Schltr.,"Pelexia luetzelburgii Schltr."
ORCHIDACEAE,"Pelexia mouraei",Schltr.,"Pelexia mouraei Schltr."
ORCHIDACEAE,"Phymatidium limae","Porto & Brade","Phymatidium limae Porto & Brade"
ORCHIDACEAE,"Pleurothallis dracula",Seehawer,"Pleurothallis dracula Seehawer"
ORCHIDACEAE,"Pleurothallis jacarepaguaensis",Barb.Rodr.,"Pleurothallis jacarepaguaensis Barb.Rodr."
ORCHIDACEAE,"Pleurothallis viridiflora",Seehawer,"Pleurothallis viridiflora Seehawer"
ORCHIDACEAE,"Prescottia spiranthophylla",Barb.Rodr.,"Prescottia spiranthophylla Barb.Rodr."
ORCHIDACEAE,"Prosthechea serpentilingua","Withner & D.G.Hunt","Prosthechea serpentilingua Withner & D.G.Hunt"
ORCHIDACEAE,"Pygmaeorchis brasiliensis",Brade,"Pygmaeorchis brasiliensis Brade"
ORCHIDACEAE,"Rauhiella brasiliensis","Pabst & Braga","Rauhiella brasiliensis Pabst & Braga"
ORCHIDACEAE,"Rauhiella seehaweri","(I.Bock) Toscano & Christenson","Rauhiella seehaweri (I.Bock) Toscano & Christenson"
ORCHIDACEAE,"Rodriguezia bifolia",Barb.Rodr.,"Rodriguezia bifolia Barb.Rodr."
ORCHIDACEAE,"Rodriguezia leucantha",Barb.Rodr.,"Rodriguezia leucantha Barb.Rodr."
ORCHIDACEAE,"Rodriguezia sucrei",Braga,"Rodriguezia sucrei Braga"
ORCHIDACEAE,"Sarcoglottis veyretiae",Szlach.,"Sarcoglottis veyretiae Szlach."
ORCHIDACEAE,"Sauroglossum odoratum",Robatsch,"Sauroglossum odoratum Robatsch"
ORCHIDACEAE,"Sauroglossum organense",Szlach.,"Sauroglossum organense Szlach."
ORCHIDACEAE,"Specklinia hymenantha","(Lindl.) F.Barros & V.T.Rodrigues","Specklinia hymenantha (Lindl.) F.Barros & V.T.Rodrigues"
ORCHIDACEAE,"Specklinia pantherina","(Seehawer) Luer","Specklinia pantherina (Seehawer) Luer"
ORCHIDACEAE,"Stelis palmeiraensis",Barb.Rodr.,"Stelis palmeiraensis Barb.Rodr."
ORCHIDACEAE,"Trichosalpinx purpurea",Seehawer,"Trichosalpinx purpurea Seehawer"
ORCHIDACEAE,"Trigonidium turbinatum",Rchb.f.,"Trigonidium turbinatum Rchb.f."
ORCHIDACEAE,"Vanilla dungsii",Pabst,"Vanilla dungsii Pabst"
ORCHIDACEAE,"Zygostates ovatipetala","(Brade) Toscano","Zygostates ovatipetala (Brade) Toscano"
OROBANCHACEAE,"Magdalenaea limae",Brade,"Magdalenaea limae Brade"
PASSIFLORACEAE,"Passiflora farneyi","Pessoa & Cervi","Passiflora farneyi Pessoa & Cervi"
PASSIFLORACEAE,"Passiflora imbeana",Sacco,"Passiflora imbeana Sacco"
PHYLLANTHACEAE,"Phyllanthus itatiaiensis",Brade,"Phyllanthus itatiaiensis Brade"
PHYLLANTHACEAE,"Phyllanthus mocotensis",G.L.Webster,"Phyllanthus mocotensis G.L.Webster"
PHYLLANTHACEAE,"Phyllanthus rosmarinifolius",Müll.Arg.,"Phyllanthus rosmarinifolius Müll.Arg."
PICRAMNIACEAE,"Picramnia grandifolia",Engl.,"Picramnia grandifolia Engl."
PIPERACEAE,"Peperomia arbuscula",Yunck.,"Peperomia arbuscula Yunck."
PIPERACEAE,"Peperomia bradei",Yunck.,"Peperomia bradei Yunck."
PIPERACEAE,"Peperomia humifusa",Yunck.,"Peperomia humifusa Yunck."
PIPERACEAE,"Peperomia papillispica",C.DC.,"Peperomia papillispica C.DC."
PIPERACEAE,"Peperomia pubipeduncula",Yunck.,"Peperomia pubipeduncula Yunck."
PIPERACEAE,"Peperomia riedeliana",Regel,"Peperomia riedeliana Regel"
PIPERACEAE,"Piper crebrinodum",C.DC.,"Piper crebrinodum C.DC."
PIPERACEAE,"Piper emygdioi",Yunck.,"Piper emygdioi Yunck."
PIPERACEAE,"Piper giordanoi","E.F.Guim. & D.Monteiro","Piper giordanoi E.F.Guim. & D.Monteiro"
PIPERACEAE,"Piper halesiifolium",Kunth,"Piper halesiifolium Kunth"
PIPERACEAE,"Piper lundii",C.DC.,"Piper lundii C.DC."
PIPERACEAE,"Piper morisonianum",C.DC.,"Piper morisonianum C.DC."
PIPERACEAE,"Piper niteroiense",Yunck.,"Piper niteroiense Yunck."
PIPERACEAE,"Piper rioense",Yunck.,"Piper rioense Yunck."
PIPERACEAE,"Piper rumicifolium","(Miq.) C.DC.","Piper rumicifolium (Miq.) C.DC."
PIPERACEAE,"Piper saldanhai",Yunck.,"Piper saldanhai Yunck."
PIPERACEAE,"Piper translucens",Yunck.,"Piper translucens Yunck."
PIPERACEAE,"Piper trigonodrupum",Yunck.,"Piper trigonodrupum Yunck."
PIPERACEAE,"Piper weddellii",C.DC.,"Piper weddellii C.DC."
PLAGIOCHILACEAE,"Plagiochila boryana","Gottsche ex Steph.","Plagiochila boryana Gottsche ex Steph."
PLANTAGINACEAE,"Achetaria latifolia",V.C.Souza,"Achetaria latifolia V.C.Souza"
PLANTAGINACEAE,"Ildefonsia bibracteata",Gardner,"Ildefonsia bibracteata Gardner"
POACEAE,"Apochloa tijucae","(Renvoize) Zuloaga & Morrone","Apochloa tijucae (Renvoize) Zuloaga & Morrone"
POACEAE,"Aulonemia goyazensis","(Hack.) McClure","Aulonemia goyazensis (Hack.) McClure"
POACEAE,"Aulonemia ramosissima","(Hack.) McClure","Aulonemia ramosissima (Hack.) McClure"
POACEAE,"Axonopus comatus","(Mez) Swallen","Axonopus comatus (Mez) Swallen"
POACEAE,"Chusquea acuminata",Döll,"Chusquea acuminata Döll"
POACEAE,"Chusquea sclerophylla",Döll,"Chusquea sclerophylla Döll"
POACEAE,"Chusquea tenuis","Glaz. ex E.G.Camus","Chusquea tenuis Glaz. ex E.G.Camus"
POACEAE,"Chusquea wilkesii",Munro,"Chusquea wilkesii Munro"
POACEAE,"Dichanthelium cucaense","(Zuloaga & Morrone) Zuloaga","Dichanthelium cucaense (Zuloaga & Morrone) Zuloaga"
POACEAE,"Dichanthelium itatiaiae","(Swallen) Zuloaga","Dichanthelium itatiaiae (Swallen) Zuloaga"
POACEAE,"Dichanthelium petropolitanum","(Zuloaga & Morrone) Zuloaga","Dichanthelium petropolitanum (Zuloaga & Morrone) Zuloaga"
POACEAE,"Renvoizea glaziovii","(Hack.) Zuloaga & Morrone","Renvoizea glaziovii (Hack.) Zuloaga & Morrone"
POACEAE,"Renvoizea teretifolia","(Hack.) Zuloaga & Morrone","Renvoizea teretifolia (Hack.) Zuloaga & Morrone"
POACEAE,"Trisetum brasiliense",Louis-Marie,"Trisetum brasiliense Louis-Marie"
PODOSTEMACEAE,"Podostemum saldanhanum","(Warm.) C.T.Philbrick & Novelo","Podostemum saldanhanum (Warm.) C.T.Philbrick & Novelo"
POLYGALACEAE,"Polygala revoluta",Gardner,"Polygala revoluta Gardner"
POLYGONACEAE,"Coccoloba rigida",Meisn.,"Coccoloba rigida Meisn."
POLYPODIACEAE,"Alansmia alfaroi","(Donn. Sm.) Moguel & M. Kessler","Alansmia alfaroi (Donn. Sm.) Moguel & M. Kessler"
POLYPODIACEAE,"Ceradenia itatiaiensis","Labiak & Condack","Ceradenia itatiaiensis Labiak & Condack"
POLYPODIACEAE,"Moranopteris xbradei","(Labiak & F.B.Matos) R.Y. Hirai & J. Prado","Moranopteris xbradei (Labiak & F.B.Matos) R.Y. Hirai & J. Prado"
POLYPODIACEAE,"Pecluma imbeana","(Brade) Salino","Pecluma imbeana (Brade) Salino"
POLYPODIACEAE,"Stenogrammitis luetzelburgii","(Rosenst.) Labiak","Stenogrammitis luetzelburgii (Rosenst.) Labiak"
PRIMULACEAE,"Cybianthus barrosoanus",G.Agostini,"Cybianthus barrosoanus G.Agostini"
PRIMULACEAE,"Cybianthus gracillimus","(Warm.) Mez","Cybianthus gracillimus (Warm.) Mez"
PRIMULACEAE,"Stylogyne araujoana","Carrijo, M.F. Freitas A.L. Peixoto","Stylogyne araujoana Carrijo, M.F. Freitas A.L. Peixoto"
PRIMULACEAE,"Stylogyne leptantha","(Miq.) Mez","Stylogyne leptantha (Miq.) Mez"
PRIMULACEAE,"Stylogyne sordida",Mez,"Stylogyne sordida Mez"
PROTEACEAE,"Roupala gracilis",Meisn.,"Roupala gracilis Meisn."
PTERIDACEAE,"Cheilanthes incisa","Kunze ex Mett.","Cheilanthes incisa Kunze ex Mett."
PTERIDACEAE,"Doryopteris magdalenensis","(Brade) Brade","Doryopteris magdalenensis (Brade) Brade"
PTERIDACEAE,"Doryopteris quinquelobata","(Fée) Diels","Doryopteris quinquelobata (Fée) Diels"
PTERIDACEAE,"Doryopteris subsimplex","(Fée) Diels","Doryopteris subsimplex (Fée) Diels"
PTERIDACEAE,"Doryopteris tijucana","Brade & Rosenst.","Doryopteris tijucana Brade & Rosenst."
PTERIDACEAE,"Pteris congesta",J.Prado,"Pteris congesta J.Prado"
RANUNCULACEAE,"Anemone assisbrasiliana","Kuhlm. & Porto","Anemone assisbrasiliana Kuhlm. & Porto"
RUBIACEAE,"Bathysa sylvestrae","Germano-Filho & M.Gomes","Bathysa sylvestrae Germano-Filho & M.Gomes"
RUBIACEAE,"Borreria pterophora",C.Presl,"Borreria pterophora C.Presl"
RUBIACEAE,"Bradea brasiliensis",Standl.,"Bradea brasiliensis Standl."
RUBIACEAE,"Chomelia estrellana",Müll.Arg.,"Chomelia estrellana Müll.Arg."
RUBIACEAE,"Chomelia monantha","(K.Schum. ex Standl.) Steyerm.","Chomelia monantha (K.Schum. ex Standl.) Steyerm."
RUBIACEAE,"Chomelia transiens",Müll.Arg.,"Chomelia transiens Müll.Arg."
RUBIACEAE,"Chomelia vulpina",Müll.Arg.,"Chomelia vulpina Müll.Arg."
RUBIACEAE,"Coussarea biflora","(Vell.) Müll.Arg.","Coussarea biflora (Vell.) Müll.Arg."
RUBIACEAE,"Coussarea coffeoides",Müll.Arg.,"Coussarea coffeoides Müll.Arg."
RUBIACEAE,"Coussarea friburgensis",M.Gomes,"Coussarea friburgensis M.Gomes"
RUBIACEAE,"Coussarea lanceolata","(Vell.) Müll.Arg.","Coussarea lanceolata (Vell.) Müll.Arg."
RUBIACEAE,"Coussarea procumbens","(Vell.) Müll.Arg.","Coussarea procumbens (Vell.) Müll.Arg."
RUBIACEAE,"Coussarea speciosa","K.Schum. ex M. Gomes","Coussarea speciosa K.Schum. ex M. Gomes"
RUBIACEAE,"Coussarea strigosipes",Müll.Arg.,"Coussarea strigosipes Müll.Arg."
RUBIACEAE,"Coussarea viridis",Müll.Arg.,"Coussarea viridis Müll.Arg."
RUBIACEAE,"Faramea anisodonta",Müll.Arg.,"Faramea anisodonta Müll.Arg."
RUBIACEAE,"Faramea aristata",Müll.Arg.,"Faramea aristata Müll.Arg."
RUBIACEAE,"Faramea australis","(Vell.) Müll.Arg.","Faramea australis (Vell.) Müll.Arg."
RUBIACEAE,"Faramea brachyloba",Müll.Arg.,"Faramea brachyloba Müll.Arg."
RUBIACEAE,"Faramea calyciflora","A.Rich. ex DC.","Faramea calyciflora A.Rich. ex DC."
RUBIACEAE,"Faramea campanularis",Müll.Arg.,"Faramea campanularis Müll.Arg."
RUBIACEAE,"Faramea cardiophylla",Standl.,"Faramea cardiophylla Standl."
RUBIACEAE,"Faramea cordifolia",Glaz.,"Faramea cordifolia Glaz."
RUBIACEAE,"Faramea diversifolia",Müll.Arg.,"Faramea diversifolia Müll.Arg."
RUBIACEAE,"Faramea filamentosa",Müll.Arg.,"Faramea filamentosa Müll.Arg."
RUBIACEAE,"Faramea heteromera",Müll.Arg.,"Faramea heteromera Müll.Arg."
RUBIACEAE,"Faramea includens",Müll.Arg.,"Faramea includens Müll.Arg."
RUBIACEAE,"Faramea intercedens",Müll.Arg.,"Faramea intercedens Müll.Arg."
RUBIACEAE,"Faramea leucocalyx",Müll.Arg.,"Faramea leucocalyx Müll.Arg."
RUBIACEAE,"Faramea micrantha",Müll.Arg.,"Faramea micrantha Müll.Arg."
RUBIACEAE,"Faramea pedicellaris",Müll.Arg.,"Faramea pedicellaris Müll.Arg."
RUBIACEAE,"Faramea platypoda",Müll.Arg.,"Faramea platypoda Müll.Arg."
RUBIACEAE,"Faramea porophylla","(Vell.) Müll.Arg.","Faramea porophylla (Vell.) Müll.Arg."
RUBIACEAE,"Faramea tenuiflora",Müll.Arg.,"Faramea tenuiflora Müll.Arg."
RUBIACEAE,"Faramea tinguana",Müll.Arg.,"Faramea tinguana Müll.Arg."
RUBIACEAE,"Faramea urophylla",Müll.Arg.,"Faramea urophylla Müll.Arg."
RUBIACEAE,"Galianthe polygonoides","E.L.Cabral & Bacigalupo","Galianthe polygonoides E.L.Cabral & Bacigalupo"
RUBIACEAE,"Hillia saldanhaei",K.Schum.,"Hillia saldanhaei K.Schum."
RUBIACEAE,"Hindsia arianeae","Di Maio","Hindsia arianeae Di Maio"
RUBIACEAE,"Hindsia cucullata","Di Maio","Hindsia cucullata Di Maio"
RUBIACEAE,"Hindsia glabra",K.Schum.,"Hindsia glabra K.Schum."
RUBIACEAE,"Hindsia phyllocalyx",K.Schum.,"Hindsia phyllocalyx K.Schum."
RUBIACEAE,"Hindsia ramosissima",Gardner,"Hindsia ramosissima Gardner"
RUBIACEAE,"Hindsia republicana","Di Maio","Hindsia republicana Di Maio"
RUBIACEAE,"Hindsia violacea",Benth.,"Hindsia violacea Benth."
RUBIACEAE,"Ixora heterophylla",Müll.Arg.,"Ixora heterophylla Müll.Arg."
RUBIACEAE,"Malanea spicata",Müll.Arg.,"Malanea spicata Müll.Arg."
RUBIACEAE,"Manettia fimbriata","Cham. & Schltdl.","Manettia fimbriata Cham. & Schltdl."
RUBIACEAE,"Manettia lutescens","(Vell.) K.Schum.","Manettia lutescens (Vell.) K.Schum."
RUBIACEAE,"Manettia parvula","K.Schum. ex Wernham","Manettia parvula K.Schum. ex Wernham"
RUBIACEAE,"Manettia pedunculata","(Spreng.) K.Schum.","Manettia pedunculata (Spreng.) K.Schum."
RUBIACEAE,"Palicourea brasiliensis",Wawra,"Palicourea brasiliensis Wawra"
RUBIACEAE,"Posoqueria laurifolia",Mart.,"Posoqueria laurifolia Mart."
RUBIACEAE,"Psychotria ampla",Müll.Arg.,"Psychotria ampla Müll.Arg."
RUBIACEAE,"Psychotria brachyandra",Müll.Arg.,"Psychotria brachyandra Müll.Arg."
RUBIACEAE,"Psychotria brachyanthema",Standl.,"Psychotria brachyanthema Standl."
RUBIACEAE,"Psychotria caudata",M.Gomes,"Psychotria caudata M.Gomes"
RUBIACEAE,"Psychotria clavipes",Müll.Arg.,"Psychotria clavipes Müll.Arg."
RUBIACEAE,"Psychotria densicostata",Müll.Arg.,"Psychotria densicostata Müll.Arg."
RUBIACEAE,"Psychotria friburgensis",Standl.,"Psychotria friburgensis Standl."
RUBIACEAE,"Psychotria lindleyana",Müll.Arg.,"Psychotria lindleyana Müll.Arg."
RUBIACEAE,"Psychotria lucidifolia",Standl.,"Psychotria lucidifolia Standl."
RUBIACEAE,"Psychotria mandiocana",Müll.Arg.,"Psychotria mandiocana Müll.Arg."
RUBIACEAE,"Psychotria mineirensis",Wernham,"Psychotria mineirensis Wernham"
RUBIACEAE,"Psychotria subspathacea",Müll.Arg.,"Psychotria subspathacea Müll.Arg."
RUBIACEAE,"Psychotria sutericalyx",Wernham,"Psychotria sutericalyx Wernham"
RUBIACEAE,"Psychotria tenuinervis",Müll.Arg.,"Psychotria tenuinervis Müll.Arg."
RUBIACEAE,"Psychotria ulei",Standl.,"Psychotria ulei Standl."
RUBIACEAE,"Psychotria vestita",C.Presl,"Psychotria vestita C.Presl"
RUBIACEAE,"Psychotria wilkesiana",Standl.,"Psychotria wilkesiana Standl."
RUBIACEAE,"Randia itatiaiae","Silva Neto & Ávila","Randia itatiaiae Silva Neto & Ávila"
RUBIACEAE,"Rudgea allophylla",Standl.,"Rudgea allophylla Standl."
RUBIACEAE,"Rudgea discolor",Benth.,"Rudgea discolor Benth."
RUBIACEAE,"Rudgea erythrocarpa",Müll.Arg.,"Rudgea erythrocarpa Müll.Arg."
RUBIACEAE,"Rudgea insignis",Müll.Arg.,"Rudgea insignis Müll.Arg."
RUBIACEAE,"Rudgea macrophylla",Benth.,"Rudgea macrophylla Benth."
RUBIACEAE,"Rudgea parvifolia","(Cham.) Müll.Arg.","Rudgea parvifolia (Cham.) Müll.Arg."
RUBIACEAE,"Rustia gracilis",K.Schum.,"Rustia gracilis K.Schum."
RUBIACEAE,"Rustia simpsonii",Delprete,"Rustia simpsonii Delprete"
RUBIACEAE,"Simira rubra","(Mart.) Steyerm.","Simira rubra (Mart.) Steyerm."
RUBIACEAE,"Simira walteri","Silva Neto & Callado","Simira walteri Silva Neto & Callado"
RUBIACEAE,"Standleya erecta",Brade,"Standleya erecta Brade"
RUBIACEAE,"Standleya limae",Brade,"Standleya limae Brade"
RUTACEAE,"Almeidea limae",I.M.Silva,"Almeidea limae I.M.Silva"
RUTACEAE,"Conchocarpus grandiflorus","(Engl.) Kallunki & Pirani","Conchocarpus grandiflorus (Engl.) Kallunki & Pirani"
RUTACEAE,"Conchocarpus ovatus","(A.St.-Hil. & Tul.) Kallunki & Pirani","Conchocarpus ovatus (A.St.-Hil. & Tul.) Kallunki & Pirani"
RUTACEAE,"Conchocarpus paniculatus","(Engl.) Kallunki & Pirani","Conchocarpus paniculatus (Engl.) Kallunki & Pirani"
RUTACEAE,"Conchocarpus sordidus",Kallunki,"Conchocarpus sordidus Kallunki"
SALICACEAE,"Abatia microphylla",Taub.,"Abatia microphylla Taub."
SAPINDACEAE,"Allophylus exappendiculatus","Somner, Frazão & Ferrucci","Allophylus exappendiculatus Somner, Frazão & Ferrucci"
SAPINDACEAE,"Allophylus heterophyllus","(Cambess.) Radlk.","Allophylus heterophyllus (Cambess.) Radlk."
SAPINDACEAE,"Allophylus membranifolius",Radlk.,"Allophylus membranifolius Radlk."
SAPINDACEAE,"Cupania fluminensis",Acev.-Rodr.,"Cupania fluminensis Acev.-Rodr."
SAPINDACEAE,"Cupania schizoneura",Radlk.,"Cupania schizoneura Radlk."
SAPINDACEAE,"Matayba grandis",Radlk.,"Matayba grandis Radlk."
SAPINDACEAE,"Matayba leucodyctia",Radlk.,"Matayba leucodyctia Radlk."
SAPINDACEAE,"Matayba talisioides",Radlk.,"Matayba talisioides Radlk."
SAPINDACEAE,"Paullinia marginata",Casar.,"Paullinia marginata Casar."
SAPINDACEAE,"Serjania acuminata",Radlk.,"Serjania acuminata Radlk."
SAPINDACEAE,"Serjania fluminensis",Acev.-Rodr.,"Serjania fluminensis Acev.-Rodr."
SAPINDACEAE,"Serjania hamuligera",Radlk.,"Serjania hamuligera Radlk."
SAPINDACEAE,"Serjania itatiaiensis",Somner,"Serjania itatiaiensis Somner"
SAPINDACEAE,"Serjania littoralis","Somner & Ferrucci","Serjania littoralis Somner & Ferrucci"
SAPINDACEAE,"Serjania tenuis",Radlk.,"Serjania tenuis Radlk."
SAPINDACEAE,"Serjania truncata",Radlk.,"Serjania truncata Radlk."
SAPOTACEAE,"Pouteria stenophylla",Baehni,"Pouteria stenophylla Baehni"
SAPOTACEAE,"Pradosia glaziovii","(Pierre) T.D.Penn.","Pradosia glaziovii (Pierre) T.D.Penn."
SAPOTACEAE,"Pradosia kuhlmannii",Toledo,"Pradosia kuhlmannii Toledo"
SELIGERIACEAE,"Brachydontium notorogenes","W.R.Buck & Schaf.-Verw.","Brachydontium notorogenes W.R.Buck & Schaf.-Verw."
SEMATOPHYLLACEAE,"Sematophyllum macrorhynchum","(Hornsch.) Mitt.","Sematophyllum macrorhynchum (Hornsch.) Mitt."
SOLANACEAE,"Capsicum friburgense","Barboza & Bianch.","Capsicum friburgense Barboza & Bianch."
SOLANACEAE,"Solanum friburgense","Giacomin & Stehmann","Solanum friburgense Giacomin & Stehmann"
SPHAGNACEAE,"Sphagnum amoenum",Warnst.,"Sphagnum amoenum Warnst."
SPHAGNACEAE,"Sphagnum costae","H.A.Crum & D.P.Costa","Sphagnum costae H.A.Crum & D.P.Costa"
SPHAGNACEAE,"Sphagnum luetzelburgii","H.K.G.Paul ex H.A.Crum","Sphagnum luetzelburgii H.K.G.Paul ex H.A.Crum"
SPHAGNACEAE,"Sphagnum scorpioides","(Hampe) H.A.Crum","Sphagnum scorpioides (Hampe) H.A.Crum"
SPHAGNACEAE,"Sphagnum subhomophyllum",H.A.Crum,"Sphagnum subhomophyllum H.A.Crum"
SPHAGNACEAE,"Sphagnum triporosum",H.A.Crum,"Sphagnum triporosum H.A.Crum"
SYMPLOCACEAE,"Symplocos altissima",Brand,"Symplocos altissima Brand"
SYMPLOCACEAE,"Symplocos dasyphylla",Brand,"Symplocos dasyphylla Brand"
SYMPLOCACEAE,"Symplocos glaziovii",Brand,"Symplocos glaziovii Brand"
SYMPLOCACEAE,"Symplocos neglecta",Brand,"Symplocos neglecta Brand"
SYMPLOCACEAE,"Symplocos occulta",Aranha,"Symplocos occulta Aranha"
SYMPLOCACEAE,"Symplocos organensis",Brand,"Symplocos organensis Brand"
THELYPTERIDACEAE,"Thelypteris refracta","(Fisch. & C.Meyer ex Kunze) C.F.Reed","Thelypteris refracta (Fisch. & C.Meyer ex Kunze) C.F.Reed"
THISMIACEAE,"Thismia caudata","Maas & H.Maas","Thismia caudata Maas & H.Maas"
THISMIACEAE,"Thismia fungiformis","(Taub. ex Warm.) Maas & H.Maas","Thismia fungiformis (Taub. ex Warm.) Maas & H.Maas"
THISMIACEAE,"Thismia macahensis","(Miers) F.Muell.","Thismia macahensis (Miers) F.Muell."
THUIDIACEAE,"Thuidium granulatum","(Hampe) A.Jaeger","Thuidium granulatum (Hampe) A.Jaeger"
THYMELAEACEAE,"Funifera brasiliensis","(Raddi) Mansf.","Funifera brasiliensis (Raddi) Mansf."
THYMELAEACEAE,"Funifera insulae",Nevling,"Funifera insulae Nevling"
TRIGONIACEAE,"Trigonia littoralis","Miguel & E.F.Guim.","Trigonia littoralis Miguel & E.F.Guim."
TRIGONIACEAE,"Trigonia rotundifolia",Lleras,"Trigonia rotundifolia Lleras"
TRIURIDACEAE,"Peltophyllum caudatum","(Poulsen) R.Schmid & M.D.Turner","Peltophyllum caudatum (Poulsen) R.Schmid & M.D.Turner"
TRIURIDACEAE,"Triuris alata",Brade,"Triuris alata Brade"
URTICACEAE,"Pilea apiculata",Killip,"Pilea apiculata Killip"
VELLOZIACEAE,"Barbacenia brevifolia",Taub.,"Barbacenia brevifolia Taub."
VELLOZIACEAE,"Barbacenia fanniae","(N.L.Menezes) Mello-Silva","Barbacenia fanniae (N.L.Menezes) Mello-Silva"
VELLOZIACEAE,"Barbacenia foliosa","Goethart & Henrard","Barbacenia foliosa Goethart & Henrard"
VELLOZIACEAE,"Barbacenia gaveensis","Goethart & Henrard","Barbacenia gaveensis Goethart & Henrard"
VELLOZIACEAE,"Barbacenia seubertiana","Goethart & Henrard","Barbacenia seubertiana Goethart & Henrard"
VELLOZIACEAE,"Barbacenia squamata",Herb.,"Barbacenia squamata Herb."
VERBENACEAE,"Lantana riedeliana",Schauer,"Lantana riedeliana Schauer"
VERBENACEAE,"Stachytarpheta schottiana",Schauer,"Stachytarpheta schottiana Schauer"
VIOLACEAE,"Rinorea laevigata","(Sol. ex Ging.) Hekking","Rinorea laevigata (Sol. ex Ging.) Hekking"
VOCHYSIACEAE,"Callisthene dryadum",Duarte,"Callisthene dryadum Duarte"
XYRIDACEAE,"Xyris organensis",Malme,"Xyris organensis Malme"
FABACEAE,"Mimosa bocainae",Barneby,"Mimosa bocainae Barneby"
APIACEAE,"Lilaeopsis attenuata","(Hook. & Arn.) Fernald","Lilaeopsis attenuata (Hook. & Arn.) Fernald"
FABACEAE,"Mimosa itatiaiensis",Dusén,"Mimosa itatiaiensis Dusén"
ARACEAE,"Anthurium sakuraguianum",,"Anthurium sakuraguianum "
ARACEAE,"Philodendron luizae",,"Philodendron luizae "
ARACEAE,"Anthurium cronembergerae",,"Anthurium cronembergerae "
LOASACEAE,"Aosa uleana","(Urb. & Gilg) Weigend","Aosa uleana (Urb. & Gilg) Weigend"
