family,scientificNameWithoutAuthorship,scientificNameAuthorship,acceptedNameUsage
Verbenaceae,"Lippia diamantinensis",Glaziou,"Lippia diamantinensis Glaziou"
Verbenaceae,"Lippia lasiocalycina",Cham.,"Lippia lasiocalycina Cham."
Melastomataceae,"Cambessedesia cambessedesioides","(Wurdack) A.B.Martins","Cambessedesia cambessedesioides (Wurdack) A.B.Martins"
Verbenaceae,"Lantana gracilis",T.Silva,"Lantana gracilis T.Silva"
Fabaceae,"Chamaecrista gymnothyrsa","(H.S.Irwin & Barneby) H.S.Irwin & Barneby","Chamaecrista gymnothyrsa (H.S.Irwin & Barneby) H.S.Irwin & Barneby"
Eriocaulaceae,"Actinocephalus nodifer","(Silveira) Sano","Actinocephalus nodifer (Silveira) Sano"
Eriocaulaceae,"Actinocephalus robustus","(Silveira) Sano","Actinocephalus robustus (Silveira) Sano"
Eriocaulaceae,"Actinocephalus stereophyllus","(Ruhland) Sano","Actinocephalus stereophyllus (Ruhland) Sano"
Lythraceae,"Diplusodon leucocalycinus",Lourteig,"Diplusodon leucocalycinus Lourteig"
Lythraceae,"Diplusodon nigricans",Koehne,"Diplusodon nigricans Koehne"
Melastomataceae,"Chaetostoma scoparium",Cogn.,"Chaetostoma scoparium Cogn."
Verbenaceae,"Lippia rubella","(Moldenke) T.R.S.Silva & Salimena","Lippia rubella (Moldenke) T.R.S.Silva & Salimena"
Araliaceae,"Schefflera lucumoides","(Decne. & Planch. ex Marchal) Frodin & Fiaschi","Schefflera lucumoides (Decne. & Planch. ex Marchal) Frodin & Fiaschi"
ERIOCAULACEAE,"Comanthera pignalii",Echtern.,"Comanthera pignalii"
Fabaceae,"Albizia robsonii","V. Maioli e H.C. de Lima","Albizia robsonii V. Maioli e H.C. de Lima"
RUBIACEAE,"Bradea borrerioides","J.A.Oliveira & Sobrado","Bradea borrerioides J.A.Oliveira & Sobrado"
ERIOCAULACEAE,"Syngonanthus incurvifolius",M.T.C.Watan.,"Syngonanthus incurvifolius M.T.C.Watan."
ERIOCAULACEAE,"Syngonanthus vittatus",M.T.C.Watan,"Syngonanthus vittatus M.T.C.Watan"
ACANTHACEAE,"Justicia clivalis",Wassh.,"Justicia clivalis"
ACANTHACEAE,"Poikilacanthus bahiensis","(Nees) Wassh.","Poikilacanthus bahiensis"
ACANTHACEAE,"Staurogyne minarum","(Nees) Kuntze","Staurogyne minarum"
ACANTHACEAE,"Stenandrium goiasense",Wassh.,"Stenandrium goiasense"
ACANTHACEAE,"Stenandrium irwinii",Wassh.,"Stenandrium irwinii"
ALISMATACEAE,"Echinodorus lanceolatus",Rataj,"Echinodorus lanceolatus"
ALSTROEMERIACEAE,"Alstroemeria chapadensis",Hoehne,"Alstroemeria chapadensis"
AMARANTHACEAE,"Gomphrena hermogenesii",J.C.Siqueira,"Gomphrena hermogenesii"
AMARANTHACEAE,"Gomphrena hillii",Suess.,"Gomphrena hillii"
AMARANTHACEAE,"Gomphrena marginata",Seub.,"Gomphrena marginata"
ANNONACEAE,"Duguetia rotundifolia",R.E.Fr.,"Duguetia rotundifolia"
APOCYNACEAE,"Barjonia grazielae","Fontella & Marquete","Barjonia grazielae"
APOCYNACEAE,"Blepharodon hatschbachii","Fontella & Marquete","Blepharodon hatschbachii"
APOCYNACEAE,"Ditassa emmerichii",Fontella,"Ditassa emmerichii"
APOCYNACEAE,"Ditassa insignis",Farinaccio,"Ditassa insignis"
APOCYNACEAE,"Ditassa obscura","(E.Fourn.) Farinaccio & T.U.P.Konno","Ditassa obscura"
APOCYNACEAE,"Mandevilla rubra","Markgr. ex M.F.Sales et al.","Mandevilla rubra"
APOCYNACEAE,"Mandevilla semirii","M.F.Sales et al.","Mandevilla semirii"
APOCYNACEAE,"Marsdenia neomanarae",Morillo,"Marsdenia neomanarae"
APOCYNACEAE,"Marsdenia sessilifolia","(E.Fourn.) Fontella","Marsdenia sessilifolia"
APOCYNACEAE,"Marsdenia virgultorum","(E.Fourn.) Malme","Marsdenia virgultorum"
APOCYNACEAE,"Matelea matogrossensis",Fontella,"Matelea matogrossensis"
APOCYNACEAE,"Matelea refracta","(E.Fourn.) Morillo","Matelea refracta"
APOCYNACEAE,"Minaria campanuliflora",Rapini,"Minaria campanuliflora"
APOCYNACEAE,"Nephradenia filipes",Malme,"Nephradenia filipes"
APOCYNACEAE,"Oxypetalum habrogynum",Farinaccio,"Oxypetalum habrogynum"
APOCYNACEAE,"Oxypetalum helios",Farinaccio,"Oxypetalum helios"
APOCYNACEAE,"Oxypetalum pardense",E.Fourn.,"Oxypetalum pardense"
APOCYNACEAE,"Rauvolfia ligustrina",Willd.,"Rauvolfia ligustrina"
APOCYNACEAE,"Tassadia geniculata",Fontella,"Tassadia geniculata"
APOCYNACEAE,"Tassadia rizzoana",Fontella,"Tassadia rizzoana"
APODANTHACEAE,"Apodanthes minarum",Vattimo,"Apodanthes minarum"
AQUIFOLIACEAE,"Ilex mucugensis",Groppo,"Ilex mucugensis"
ARACEAE,"Anthurium megapetiolatum",E.G.Gonç.,"Anthurium megapetiolatum"
ARACEAE,"Philodendron cipoense","Sakur. & Mayo","Philodendron cipoense"
ARACEAE,"Philodendron pachyphyllum",K.Krause,"Philodendron pachyphyllum"
ARACEAE,"Philodendron rhizomatosum","Sakur. & Mayo","Philodendron rhizomatosum"
ARALIACEAE,"Schefflera botumirimensis","Fiaschi & Pirani","Schefflera botumirimensis"
ARALIACEAE,"Schefflera cephalantha","(Harms) Frodin","Schefflera cephalantha"
ARALIACEAE,"Schefflera fruticosa","Fiaschi & Pirani","Schefflera fruticosa"
ARECACEAE,"Attalea pindobassu",Bondar,"Attalea pindobassu"
ARECACEAE,"Syagrus werdermannii",Burret,"Syagrus werdermannii"
ASTERACEAE,"Aspilia discolor",J.U.Santos,"Aspilia discolor"
ASTERACEAE,"Aspilia goiazensis",J.U.Santos,"Aspilia goiazensis"
ASTERACEAE,"Aspilia hatschbachii",J.U.Santos,"Aspilia hatschbachii"
ASTERACEAE,"Aspilia podophylla",Baker,"Aspilia podophylla"
ASTERACEAE,"Aspilia pseudoyedaea",H.Rob.,"Aspilia pseudoyedaea"
ASTERACEAE,"Bidens edentula",G.M.Barroso,"Bidens edentula"
ASTERACEAE,"Calea irwinii",G.M.Barroso,"Calea irwinii"
ASTERACEAE,"Chrysolaena dusenii","(Malme) Dematt.","Chrysolaena dusenii"
ASTERACEAE,"Dasyphyllum reticulatum","(DC.) Cabrera","Dasyphyllum reticulatum"
ASTERACEAE,"Dasyphyllum retinens",S.Moore,"Dasyphyllum retinens"
ASTERACEAE,"Dasyphyllum trichophyllum","(Baker) Cabrera","Dasyphyllum trichophyllum"
ASTERACEAE,"Eremanthus pabstii",G.M.Barroso,"Eremanthus pabstii"
ASTERACEAE,"Ichthyothere mattogrossensis","R.C.A.Pereira & Semir","Ichthyothere mattogrossensis"
ASTERACEAE,"Ichthyothere petiolata",H.Rob.,"Ichthyothere petiolata"
ASTERACEAE,"Lessingianthus arachniolepis","(Ekman & Dusén) H.Rob.","Lessingianthus arachniolepis"
ASTERACEAE,"Lessingianthus argenteus","(Less.) H.Rob.","Lessingianthus argenteus"
ASTERACEAE,"Lessingianthus caiapoensis","(H.Rob.) H.Rob.","Lessingianthus caiapoensis"
ASTERACEAE,"Lessingianthus heringeri","(H.Rob.) H.Rob.","Lessingianthus heringeri"
ASTERACEAE,"Lessingianthus rugulosus","(Sch.Bip.) H.Rob.","Lessingianthus rugulosus"
ASTERACEAE,"Lessingianthus scaposus","(G.M.Barroso) H.Rob.","Lessingianthus scaposus"
ASTERACEAE,"Minasia cabralensis",H.Rob.,"Minasia cabralensis"
ASTERACEAE,"Minasia lewinsohnii","Semir & de Jesus","Minasia lewinsohnii"
ASTERACEAE,"Stenophalium heringeri","(H.Rob.) Anderb.","Stenophalium heringeri"
ASTERACEAE,"Stevia resinosa",Gardner,"Stevia resinosa"
ASTERACEAE,"Vernonanthura almedae","(H.Rob.) H.Rob.","Vernonanthura almedae"
ASTERACEAE,"Vernonanthura lindbergii","(Baker) H.Rob.","Vernonanthura lindbergii"
ASTERACEAE,"Wedelia souzae",H.Rob.,"Wedelia souzae"
BALANOPHORACEAE,"Lophophytum rizzoi",Delprete,"Lophophytum rizzoi"
BIGNONIACEAE,"Adenocalymma subspicatum",A.H.Gentry,"Adenocalymma subspicatum"
BIGNONIACEAE,"Jacaranda racemosa",Cham.,"Jacaranda racemosa"
BIGNONIACEAE,"Lundia damazii",DC.,"Lundia damazii"
BROMELIACEAE,"Alcantarea burle-marxii","(Leme) J.R.Grant","Alcantarea burle-marxii"
BROMELIACEAE,"Alcantarea hatschbachii","(L.B.Sm. & Read) Leme","Alcantarea hatschbachii"
BROMELIACEAE,"Cryptanthus leopoldo-horstii",Rauh,"Cryptanthus leopoldo-horstii"
BROMELIACEAE,"Dyckia argentea",Mez,"Dyckia argentea"
BROMELIACEAE,"Dyckia brachyphylla",L.B.Sm.,"Dyckia brachyphylla"
BROMELIACEAE,"Dyckia bracteata","(Wittm.) Mez","Dyckia bracteata"
BROMELIACEAE,"Dyckia densiflora","Schult. & Schult.f.","Dyckia densiflora"
BROMELIACEAE,"Dyckia elongata",Mez,"Dyckia elongata"
BROMELIACEAE,"Dyckia mello-barretoi",L.B.Sm.,"Dyckia mello-barretoi"
BROMELIACEAE,"Dyckia pectinata","L.B.Sm. & Reitz","Dyckia pectinata"
BROMELIACEAE,"Encholirium reflexum","Forzza & Wand.","Encholirium reflexum"
BROMELIACEAE,"Lapanthus itambensis","(Versieux & Leme) Louzada & Versieux","Lapanthus itambensis"
BROMELIACEAE,"Orthophytum mello-barretoi",L.B.Sm.,"Orthophytum mello-barretoi"
BROMELIACEAE,"Orthophytum schulzianum","Leme & M.Machado","Orthophytum schulzianum"
BROMELIACEAE,"Pitcairnia curvidens","L.B.Sm. & Read","Pitcairnia curvidens"
BROMELIACEAE,"Tillandsia copynii",Gouda,"Tillandsia copynii"
BROMELIACEAE,"Tillandsia sprengeliana","Klotzsch ex Mez","Tillandsia sprengeliana"
BROMELIACEAE,"Vriesea densiflora",Mez,"Vriesea densiflora"
BURSERACEAE,"Protium dawsonii",Cuatrec.,"Protium dawsonii"
CACTACEAE,"Cipocereus pleurocarpus",F.Ritter,"Cipocereus pleurocarpus"
CACTACEAE,"Rhipsalis agudoensis",N.P.Taylor,"Rhipsalis agudoensis"
CALOPHYLLACEAE,"Kielmeyera anisosepala",Saddi,"Kielmeyera anisosepala"
CALOPHYLLACEAE,"Kielmeyera juruensis",Saddi,"Kielmeyera juruensis"
CALOPHYLLACEAE,"Kielmeyera similis",Saddi,"Kielmeyera similis"
CALOPHYLLACEAE,"Kielmeyera trichophora",Saddi,"Kielmeyera trichophora"
CAMPANULACEAE,"Lobelia brasiliensis","A.O.S.Vieira & G.J.Sheph.","Lobelia brasiliensis"
CARYOPHYLLACEAE,"Paronychia fasciculata",Chaudhri,"Paronychia fasciculata"
CELASTRACEAE,"Maytenus opaca",Reissek,"Maytenus opaca"
CHRYSOBALANACEAE,"Hirtella juruensis",Pilg.,"Hirtella juruensis"
CHRYSOBALANACEAE,"Licania maguirei",Prance,"Licania maguirei"
COMMELINACEAE,"Tripogandra elata",D.R.Hunt,"Tripogandra elata"
COMMELINACEAE,"Tripogandra warmingiana","(Seub.) Handlos","Tripogandra warmingiana"
CONNARACEAE,"Rourea chrysomalla","Glaz. ex G.Schellenb.","Rourea chrysomalla"
CONNARACEAE,"Rourea prancei",Forero,"Rourea prancei"
CONNARACEAE,"Rourea tenuis",G.Schellenb.,"Rourea tenuis"
CONVOLVULACEAE,"Bonamia kuhlmannii",Hoehne,"Bonamia kuhlmannii"
CONVOLVULACEAE,"Evolvulus chapadensis","Glaz. ex Ooststr.","Evolvulus chapadensis"
CONVOLVULACEAE,"Evolvulus gnaphalioides",Moric.,"Evolvulus gnaphalioides"
CONVOLVULACEAE,"Ipomoea calyptrata",Dammer,"Ipomoea calyptrata"
CUCURBITACEAE,"Apodanthera villosa",C.Jeffrey,"Apodanthera villosa"
CUCURBITACEAE,"Cayaponia rugosa","Gomes-Klein & Pirani","Cayaponia rugosa"
CUNONIACEAE,"Lamanonia brasiliensis","Zickel & Leitão","Lamanonia brasiliensis"
CYPERACEAE,"Abildgaardia papillosa","Kral & M.T.Strong","Abildgaardia papillosa"
CYPERACEAE,"Bulbostylis lombardii","Kral & M.T.Strong","Bulbostylis lombardii"
CYPERACEAE,"Cryptangium humile","(Nees) Boeckeler","Cryptangium humile"
CYPERACEAE,"Cryptangium polyphyllum","(Nees) Boeckeler","Cryptangium polyphyllum"
CYPERACEAE,"Cyperus almensis",D.A.Simpson,"Cyperus almensis"
CYPERACEAE,"Eleocharis loefgreniana",Boeckeler,"Eleocharis loefgreniana"
CYPERACEAE,"Eleocharis morroi",D.A.Simpson,"Eleocharis morroi"
CYPERACEAE,"Eleocharis olivaceonux",D.A.Simpson,"Eleocharis olivaceonux"
CYPERACEAE,"Lagenocarpus adamantinus",Nees,"Lagenocarpus adamantinus"
CYPERACEAE,"Rhynchospora enmanuelis","Luceño & Rocha","Rhynchospora enmanuelis"
CYPERACEAE,"Rhynchospora tenuis",Link,"Rhynchospora tenuis"
CYPERACEAE,"Scleria cuyabensis",Pilg.,"Scleria cuyabensis"
EBENACEAE,"Diospyros mexiae",Standl.,"Diospyros mexiae"
ERIOCAULACEAE,"Actinocephalus aggregatus",F.N.Costa,"Actinocephalus aggregatus"
ERIOCAULACEAE,"Actinocephalus callophyllus","(Silveira) Sano","Actinocephalus callophyllus"
ERIOCAULACEAE,"Actinocephalus compactus","(Gardner) Sano","Actinocephalus compactus"
ERIOCAULACEAE,"Actinocephalus coutoensis","(Moldenke) Sano","Actinocephalus coutoensis"
ERIOCAULACEAE,"Actinocephalus deflexus",F.N.Costa,"Actinocephalus deflexus"
ERIOCAULACEAE,"Actinocephalus diffusus","(Silveira) Sano","Actinocephalus diffusus"
ERIOCAULACEAE,"Actinocephalus falcifolius","(Körn.) Sano","Actinocephalus falcifolius"
ERIOCAULACEAE,"Actinocephalus fimbriatus","(Silveira) Sano","Actinocephalus fimbriatus"
ERIOCAULACEAE,"Actinocephalus glabrescens","(Silveira) Sano","Actinocephalus glabrescens"
ERIOCAULACEAE,"Actinocephalus graminifolius",F.N.Costa,"Actinocephalus graminifolius"
ERIOCAULACEAE,"Actinocephalus herzogii","(Moldenke) Sano","Actinocephalus herzogii"
ERIOCAULACEAE,"Comanthera cipoensis","(Ruhland) L.R.Parra & Giul.","Comanthera cipoensis"
ERIOCAULACEAE,"Comanthera circinnata","(Bong.) L.R.Parra & Giul.","Comanthera circinnata"
ERIOCAULACEAE,"Comanthera curralensis","(Moldenke) L.R.Parra & Giul.","Comanthera curralensis"
ERIOCAULACEAE,"Comanthera floccosa","(Moldenke) L.R.Parra & Giul.","Comanthera floccosa"
ERIOCAULACEAE,"Comanthera hatschbachii","(Moldenke) L.R.Parra & Giul.","Comanthera hatschbachii"
ERIOCAULACEAE,"Eriocaulon aquatile",Körn.,"Eriocaulon aquatile"
ERIOCAULACEAE,"Eriocaulon burchellii",Ruhland,"Eriocaulon burchellii"
ERIOCAULACEAE,"Eriocaulon cipoense",Silveira,"Eriocaulon cipoense"
ERIOCAULACEAE,"Eriocaulon griseum",Körn.,"Eriocaulon griseum"
ERIOCAULACEAE,"Eriocaulon papillosum",Körn.,"Eriocaulon papillosum"
ERIOCAULACEAE,"Leiothrix cipoensis",Giul.,"Leiothrix cipoensis"
ERIOCAULACEAE,"Leiothrix crassifolia","(Bong.) Ruhland","Leiothrix crassifolia"
ERIOCAULACEAE,"Leiothrix distichoclada",Herzog,"Leiothrix distichoclada"
ERIOCAULACEAE,"Leiothrix luxurians","(Körn.)  Ruhland","Leiothrix luxurians"
ERIOCAULACEAE,"Leiothrix rupestris",Giul.,"Leiothrix rupestris"
ERIOCAULACEAE,"Leiothrix sclerophylla",Silveira,"Leiothrix sclerophylla"
ERIOCAULACEAE,"Leiothrix sinuosa",Giul.,"Leiothrix sinuosa"
ERIOCAULACEAE,"Leiothrix spiralis","(Bong.) Ruhland","Leiothrix spiralis"
ERIOCAULACEAE,"Paepalanthus albidus",Gardner,"Paepalanthus albidus"
ERIOCAULACEAE,"Paepalanthus albo-tomentosus",Herzog,"Paepalanthus albo-tomentosus"
ERIOCAULACEAE,"Paepalanthus almasensis",Moldenke,"Paepalanthus almasensis"
ERIOCAULACEAE,"Paepalanthus anamariae",Hensold,"Paepalanthus anamariae"
ERIOCAULACEAE,"Paepalanthus argenteus","(Bong.) Körn.","Paepalanthus argenteus"
ERIOCAULACEAE,"Paepalanthus aureus",Silveira,"Paepalanthus aureus"
ERIOCAULACEAE,"Paepalanthus barbiger",Silveira,"Paepalanthus barbiger"
ERIOCAULACEAE,"Paepalanthus barbulatus",Herzog,"Paepalanthus barbulatus"
ERIOCAULACEAE,"Paepalanthus cinereus","Giul. & L.R.Parra","Paepalanthus cinereus"
ERIOCAULACEAE,"Paepalanthus complanatus",Silveira,"Paepalanthus complanatus"
ERIOCAULACEAE,"Paepalanthus contasensis",Moldenke,"Paepalanthus contasensis"
ERIOCAULACEAE,"Paepalanthus cordatus",Ruhland,"Paepalanthus cordatus"
ERIOCAULACEAE,"Paepalanthus digitiformis",Hensold,"Paepalanthus digitiformis"
ERIOCAULACEAE,"Paepalanthus erigeron","Mart. ex Körn.","Paepalanthus erigeron"
ERIOCAULACEAE,"Paepalanthus globulifer",Silveira,"Paepalanthus globulifer"
ERIOCAULACEAE,"Paepalanthus harleyi",Moldenke,"Paepalanthus harleyi"
ERIOCAULACEAE,"Paepalanthus homomallus","(Bong.) Mart. ex Körn.","Paepalanthus homomallus"
ERIOCAULACEAE,"Paepalanthus inopinatus",Moldenke,"Paepalanthus inopinatus"
ERIOCAULACEAE,"Paepalanthus luetzelburgii",Herzog,"Paepalanthus luetzelburgii"
ERIOCAULACEAE,"Paepalanthus obtusifolius","(Steud.) Körn.","Paepalanthus obtusifolius"
ERIOCAULACEAE,"Paepalanthus pulvinatus",N.E.Br.,"Paepalanthus pulvinatus"
ERIOCAULACEAE,"Paepalanthus revolutus",Hensold,"Paepalanthus revolutus"
ERIOCAULACEAE,"Paepalanthus rupestris",Gardner,"Paepalanthus rupestris"
ERIOCAULACEAE,"Paepalanthus senaeanus",Ruhland,"Paepalanthus senaeanus"
ERIOCAULACEAE,"Paepalanthus stannardii","Giul. & L.R.Parra","Paepalanthus stannardii"
ERIOCAULACEAE,"Paepalanthus stuetzelii",Hensold,"Paepalanthus stuetzelii"
ERIOCAULACEAE,"Paepalanthus superbus",Ruhland,"Paepalanthus superbus"
ERIOCAULACEAE,"Paepalanthus urbanianus",Ruhland,"Paepalanthus urbanianus"
ERIOCAULACEAE,"Syngonanthus bracteosus",Moldenke,"Syngonanthus bracteosus"
ERIOCAULACEAE,"Syngonanthus hygrotrichus",Ruhland,"Syngonanthus hygrotrichus"
ERIOCAULACEAE,"Syngonanthus latifolius","(Moldenke) Hensold","Syngonanthus latifolius"
EUPHORBIACEAE,"Croton arlineae","D.Medeiros et al.","Croton arlineae"
FABACEAE,"Aeschynomene graminoides",G.P.Lewis,"Aeschynomene graminoides"
FABACEAE,"Aeschynomene simplicifolia",G.P.Lewis,"Aeschynomene simplicifolia"
FABACEAE,"Bauhinia candelabriformis",R.S.Cowan,"Bauhinia candelabriformis"
FABACEAE,"Bauhinia leptantha",Malme,"Bauhinia leptantha"
FABACEAE,"Bauhinia malacotrichoides",R.S.Cowan,"Bauhinia malacotrichoides"
FABACEAE,"Bocoa ratteri",H.E.Ireland,"Bocoa ratteri"
FABACEAE,"Calliandra gardneri",Benth.,"Calliandra gardneri"
FABACEAE,"Calliandra imbricata","E.R.Souza & L.P.Queiroz","Calliandra imbricata"
FABACEAE,"Calliandra linearis",Benth.,"Calliandra linearis"
FABACEAE,"Calliandra santosiana",Glaz.,"Calliandra santosiana"
FABACEAE,"Calliandra semisepulta",Barneby,"Calliandra semisepulta"
FABACEAE,"Chamaecrista adamantina","(H.S.Irwin & Barneby) H.S.Irwin & Barneby","Chamaecrista adamantina"
FABACEAE,"Chamaecrista altoana","(H.S.Irwin & Barneby) H.S.Irwin & Barneby","Chamaecrista altoana"
FABACEAE,"Chamaecrista caiapo","(H.S.Irwin & Barneby) H.S.Irwin & Barneby","Chamaecrista caiapo"
FABACEAE,"Chamaecrista caracensis","(Taub. ex H.S.Irwin & Barneby) H.S.Irwin & Barneby","Chamaecrista caracensis"
FABACEAE,"Chamaecrista catapodia","(H.S.Irwin & Barneby) H.S.Irwin & Barneby","Chamaecrista catapodia"
FABACEAE,"Chamaecrista catiarae","(H.S.Irwin & Barneby) H.S.Irwin & Barneby","Chamaecrista catiarae"
FABACEAE,"Chamaecrista centiflora","(H.S.Irwin & Barneby) H.S.Irwin & Barneby","Chamaecrista centiflora"
FABACEAE,"Chamaecrista coradinii","H.S.Irwin & Barneby","Chamaecrista coradinii"
FABACEAE,"Chamaecrista coriacea","(Bong. ex Benth.) H.S.Irwin & Barneby","Chamaecrista coriacea"
FABACEAE,"Chamaecrista deltoidea","Hervencio & L.P.Queiroz","Chamaecrista deltoidea"
FABACEAE,"Chamaecrista dumalis","(Hoehne) H.S.Irwin & Barneby","Chamaecrista dumalis"
FABACEAE,"Chamaecrista ericifolia","(Benth.) H.S.Irwin & Barneby","Chamaecrista ericifolia"
FABACEAE,"Chamaecrista fuscescens","(Benth.) H.S.Irwin & Barneby","Chamaecrista fuscescens"
FABACEAE,"Chamaecrista geraldii","(H.S.Irwin & Barneby) H.S.Irwin & Barneby","Chamaecrista geraldii"
FABACEAE,"Chamaecrista gumminans","H.S.Irwin & Barneby","Chamaecrista gumminans"
FABACEAE,"Chamaecrista hatschbachii","H.S.Irwin & Barneby","Chamaecrista hatschbachii"
FABACEAE,"Chamaecrista itabiritoana","(H.S.Irwin & Barneby) H.S.Irwin & Barneby","Chamaecrista itabiritoana"
FABACEAE,"Chamaecrista ixodes","(H.S.Irwin & Barneby) H.S.Irwin & Barneby","Chamaecrista ixodes"
FABACEAE,"Chamaecrista lavradioides","(Benth.) H.S.Irwin & Barneby","Chamaecrista lavradioides"
FABACEAE,"Chamaecrista leucopilis","(Glaz. ex Harms) H.S.Irwin & Barneby","Chamaecrista leucopilis"
FABACEAE,"Chamaecrista macedoi","(H.S.Irwin & Barneby) H.S.Irwin & Barneby","Chamaecrista macedoi"
FABACEAE,"Chamaecrista ochrosperma","(H.S.Irwin & Barneby) H.S.Irwin & Barneby","Chamaecrista ochrosperma"
FABACEAE,"Chamaecrista pachyclada","(Harms) H.S.Irwin & Barneby","Chamaecrista pachyclada"
FABACEAE,"Chamaecrista phyllostachya","(Benth.) H.S.Irwin & Barneby","Chamaecrista phyllostachya"
FABACEAE,"Chamaecrista pilicarpa","(Glaz. ex Harms) H.S.Irwin & Barneby","Chamaecrista pilicarpa"
FABACEAE,"Chamaecrista polymorpha","(Glaz. ex Harms) H.S.Irwin & Barneby","Chamaecrista polymorpha"
FABACEAE,"Chamaecrista psoraleopsis","(H.S.Irwin & Barneby) H.S.Irwin & Barneby","Chamaecrista psoraleopsis"
FABACEAE,"Chamaecrista simplifacta","H.S.Irwin & Barneby","Chamaecrista simplifacta"
FABACEAE,"Chamaecrista vauthieri","(Benth.) H.S.Irwin & Barneby","Chamaecrista vauthieri"
FABACEAE,"Chamaecrista virginis","(H.S.Irwin & Barneby) H.S.Irwin & Barneby","Chamaecrista virginis"
FABACEAE,"Crotalaria goiasensis","Windler & S.G.Skinner","Crotalaria goiasensis"
FABACEAE,"Crotalaria irwinii","Windler & S.G.Skinner","Crotalaria irwinii"
FABACEAE,"Crotalaria rufipila",Benth.,"Crotalaria rufipila"
FABACEAE,"Desmodium glabrescens",Malme,"Desmodium glabrescens"
FABACEAE,"Desmodium juruenense",Hoehne,"Desmodium juruenense"
FABACEAE,"Mimosa cryptothamnos",Barneby,"Mimosa cryptothamnos"
FABACEAE,"Mimosa cyclophylla",Taub.,"Mimosa cyclophylla"
FABACEAE,"Mimosa decorticans",Barneby,"Mimosa decorticans"
FABACEAE,"Mimosa humivagans",Barneby,"Mimosa humivagans"
FABACEAE,"Mimosa laniceps",Barneby,"Mimosa laniceps"
FABACEAE,"Mimosa lepidophora",Rizzini,"Mimosa lepidophora"
FABACEAE,"Mimosa manidea",Barneby,"Mimosa manidea"
FABACEAE,"Mimosa oligosperma",Barneby,"Mimosa oligosperma"
FABACEAE,"Mimosa pycnocoma",Benth.,"Mimosa pycnocoma"
FABACEAE,"Mimosa pyrenea",Taub.,"Mimosa pyrenea"
FABACEAE,"Mimosa regina",Barneby,"Mimosa regina"
FABACEAE,"Mimosa setosissima",Taub.,"Mimosa setosissima"
FABACEAE,"Mimosa splendida",Barneby,"Mimosa splendida"
FABACEAE,"Mimosa ulbrichiana",Harms,"Mimosa ulbrichiana"
FABACEAE,"Mimosa ulei",Taub.,"Mimosa ulei"
FABACEAE,"Mimosa virgula",Barneby,"Mimosa virgula"
FABACEAE,"Moldenhawera acuminata","Afr.Fern. & P.Bezerra","Moldenhawera acuminata"
FABACEAE,"Poiretia bahiana","Müll. Hal.","Poiretia bahiana"
FABACEAE,"Poiretia marginata","Müll. Hal.","Poiretia marginata"
FABACEAE,"Poiretia unifoliolata","Barreto ex A.B.Martins & Pedersoli","Poiretia unifoliolata"
FABACEAE,"Zornia glaziovii",Harms,"Zornia glaziovii"
FABACEAE,"Zornia subsessilis","Fort.-Perez & A.M.G.Azevedo","Zornia subsessilis"
GENTIANACEAE,"Prepusa montana",Mart.,"Prepusa montana"
GENTIANACEAE,"Schultesia bahiensis","E.F.Guim. & Fontella","Schultesia bahiensis"
GENTIANACEAE,"Schultesia crenuliflora",Mart.,"Schultesia crenuliflora"
GENTIANACEAE,"Schultesia irwiniana","E.F.Guim. & Fontella","Schultesia irwiniana"
GENTIANACEAE,"Schultesia pachyphylla",Griseb.,"Schultesia pachyphylla"
GENTIANACEAE,"Schultesia piresiana","E.F.Guim. & Fontella","Schultesia piresiana"
GENTIANACEAE,"Schultesia sucreana","E.F.Guim. & Fontella","Schultesia sucreana"
GESNERIACEAE,"Paliavana plumerioides",Chautems,"Paliavana plumerioides"
LAMIACEAE,"Eriope angustifolia",Epling,"Eriope angustifolia"
LAMIACEAE,"Eriope confusa",Harley,"Eriope confusa"
LAMIACEAE,"Eriope filifolia",Benth.,"Eriope filifolia"
LAMIACEAE,"Eriope montana",Harley,"Eriope montana"
LAMIACEAE,"Eriope sincorana",Harley,"Eriope sincorana"
LAMIACEAE,"Eriope xavantium",Harley,"Eriope xavantium"
LAMIACEAE,"Hypenia concinna","(Benth.) Harley","Hypenia concinna"
LAMIACEAE,"Hypenia paradisi","(Harley) Harley","Hypenia paradisi"
LAMIACEAE,"Hyptidendron dictiocalyx","(Benth.) Harley","Hyptidendron dictiocalyx"
LAMIACEAE,"Hyptis argyrophylla",Harley,"Hyptis argyrophylla"
LAMIACEAE,"Hyptis asteroides","A.St.-Hil. ex Benth.","Hyptis asteroides"
LAMIACEAE,"Hyptis caduca",Epling,"Hyptis caduca"
LAMIACEAE,"Hyptis coriacea",Benth.,"Hyptis coriacea"
LAMIACEAE,"Hyptis cuniloides",Epling,"Hyptis cuniloides"
LAMIACEAE,"Hyptis dictyodea","Pohl ex Benth.","Hyptis dictyodea"
LAMIACEAE,"Hyptis hagei",Harley,"Hyptis hagei"
LAMIACEAE,"Hyptis halimifolia","Mart. ex Benth.","Hyptis halimifolia"
LAMIACEAE,"Hyptis heterophylla",Benth.,"Hyptis heterophylla"
LAMIACEAE,"Hyptis humilis",Benth.,"Hyptis humilis"
LAMIACEAE,"Hyptis irwinii",Harley,"Hyptis irwinii"
LAMIACEAE,"Hyptis loeseneriana",Pilg.,"Hyptis loeseneriana"
LAMIACEAE,"Hyptis nivea",Epling,"Hyptis nivea"
LAMIACEAE,"Hyptis nubicola",Harley,"Hyptis nubicola"
LAMIACEAE,"Hyptis silvinae",Harley,"Hyptis silvinae"
LAMIACEAE,"Hyptis tenuifolia",Epling,"Hyptis tenuifolia"
LENTIBULARIACEAE,"Utricularia huntii",P.Taylor,"Utricularia huntii"
LOGANIACEAE,"Strychnos cerradoensis","Krukoff & Barneby","Strychnos cerradoensis"
LORANTHACEAE,"Oryctina eubrachioides",Kuijt,"Oryctina eubrachioides"
LORANTHACEAE,"Psittacanthus acinarius","(Mart.) Mart.","Psittacanthus acinarius"
LORANTHACEAE,"Struthanthus microstylus",Rizzini,"Struthanthus microstylus"
LORANTHACEAE,"Struthanthus planaltinae",Rizzini,"Struthanthus planaltinae"
LORANTHACEAE,"Struthanthus pusillifolius",Rizzini,"Struthanthus pusillifolius"
LORANTHACEAE,"Struthanthus rufo-furfuraceus",Rizzini,"Struthanthus rufo-furfuraceus"
LYTHRACEAE,"Cuphea anamariae","T.B.Cavalc. & S.A.Graham","Cuphea anamariae"
LYTHRACEAE,"Cuphea cunninghamiifolia",T.B.Cavalc.,"Cuphea cunninghamiifolia"
LYTHRACEAE,"Cuphea disperma",Koehne,"Cuphea disperma"
LYTHRACEAE,"Cuphea fuchsiifolia",A.St.-Hil.,"Cuphea fuchsiifolia"
LYTHRACEAE,"Cuphea glareosa",T.B.Cavalc.,"Cuphea glareosa"
LYTHRACEAE,"Cuphea lucens","T.B.Cavalc. & S.A.Graham","Cuphea lucens"
LYTHRACEAE,"Cuphea potamophila","T.B.Cavalc. & S.A.Graham","Cuphea potamophila"
LYTHRACEAE,"Cuphea sclerophylla",Koehne,"Cuphea sclerophylla"
LYTHRACEAE,"Cuphea sincorana",T.B.Cavalc.,"Cuphea sincorana"
LYTHRACEAE,"Cuphea warmingii",Koehne,"Cuphea warmingii"
LYTHRACEAE,"Cuphea xanthopetala","S.A.Graham & T.B.Cavalc.","Cuphea xanthopetala"
LYTHRACEAE,"Diplusodon adpressipilus",Lourteig,"Diplusodon adpressipilus"
LYTHRACEAE,"Diplusodon alatus",T.B.Cavalc.,"Diplusodon alatus"
LYTHRACEAE,"Diplusodon appendiculosus",Lourteig,"Diplusodon appendiculosus"
LYTHRACEAE,"Diplusodon argenteus",Lourteig,"Diplusodon argenteus"
LYTHRACEAE,"Diplusodon bradei",Pilg.,"Diplusodon bradei"
LYTHRACEAE,"Diplusodon canastrensis",T.B.Cavalc.,"Diplusodon canastrensis"
LYTHRACEAE,"Diplusodon capitalensis",T.B.Cavalc.,"Diplusodon capitalensis"
LYTHRACEAE,"Diplusodon capitatus","(A. St.-Hil.) Koehne","Diplusodon capitatus"
LYTHRACEAE,"Diplusodon chapadensis",T.B.Cavalc.,"Diplusodon chapadensis"
LYTHRACEAE,"Diplusodon decussatus",Gardner,"Diplusodon decussatus"
LYTHRACEAE,"Diplusodon floribundus",Pohl,"Diplusodon floribundus"
LYTHRACEAE,"Diplusodon glocimarii",T.B.Cavalc.,"Diplusodon glocimarii"
LYTHRACEAE,"Diplusodon grahamae",T.B.Cavalc.,"Diplusodon grahamae"
LYTHRACEAE,"Diplusodon heringeri",Lourteig,"Diplusodon heringeri"
LYTHRACEAE,"Diplusodon longipes",Koehne,"Diplusodon longipes"
LYTHRACEAE,"Diplusodon mattogrossensis",T.B.Cavalc.,"Diplusodon mattogrossensis"
LYTHRACEAE,"Diplusodon mononeuros",Pilg.,"Diplusodon mononeuros"
LYTHRACEAE,"Diplusodon parvifolius","Mart. ex DC.","Diplusodon parvifolius"
LYTHRACEAE,"Diplusodon petiolatus","(Koehne) T.B. Cavalc.","Diplusodon petiolatus"
LYTHRACEAE,"Diplusodon plumbeus",T.B.Cavalc.,"Diplusodon plumbeus"
LYTHRACEAE,"Diplusodon pygmaeus",T.B.Cavalc.,"Diplusodon pygmaeus"
LYTHRACEAE,"Diplusodon rosmarinifolius",A.St.-Hil.,"Diplusodon rosmarinifolius"
LYTHRACEAE,"Diplusodon rotundifolius",DC.,"Diplusodon rotundifolius"
LYTHRACEAE,"Diplusodon rupestris",T.B.Cavalc.,"Diplusodon rupestris"
LYTHRACEAE,"Diplusodon saxatilis",Lourteig,"Diplusodon saxatilis"
LYTHRACEAE,"Diplusodon sigillatus",Lourteig,"Diplusodon sigillatus"
LYTHRACEAE,"Diplusodon sordidus",Koehne,"Diplusodon sordidus"
LYTHRACEAE,"Diplusodon thysanosepalus",Lourteig,"Diplusodon thysanosepalus"
LYTHRACEAE,"Diplusodon trigintus",T.B.Cavalc.,"Diplusodon trigintus"
MALPIGHIACEAE,"Acmanthera fernandesii",W.R.Anderson,"Acmanthera fernandesii"
MALPIGHIACEAE,"Amorimia velutina",W.R.Anderson,"Amorimia velutina"
MALPIGHIACEAE,"Banisteriopsis arborea",B.Gates,"Banisteriopsis arborea"
MALPIGHIACEAE,"Banisteriopsis byssacea",B.Gates,"Banisteriopsis byssacea"
MALPIGHIACEAE,"Banisteriopsis goiana",B.Gates,"Banisteriopsis goiana"
MALPIGHIACEAE,"Byrsonima cordifolia",W.R.Anderson,"Byrsonima cordifolia"
MALPIGHIACEAE,"Byrsonima hatschbachii",W.R.Anderson,"Byrsonima hatschbachii"
MALPIGHIACEAE,"Janusia christianeae",W.R.Anderson,"Janusia christianeae"
MALPIGHIACEAE,"Mascagnia aptera",W.R.Anderson,"Mascagnia aptera"
MALPIGHIACEAE,"Peixotoa anadenanthera",C.E.Anderson,"Peixotoa anadenanthera"
MALPIGHIACEAE,"Peixotoa axillaris",C.E.Anderson,"Peixotoa axillaris"
MALPIGHIACEAE,"Peixotoa gardneri",C.E.Anderson,"Peixotoa gardneri"
MALPIGHIACEAE,"Peixotoa irwinii",C.E.Anderson,"Peixotoa irwinii"
MALPIGHIACEAE,"Peixotoa octoflora",C.E.Anderson,"Peixotoa octoflora"
MALPIGHIACEAE,"Pterandra hatschbachii",W.R.Anderson,"Pterandra hatschbachii"
MALPIGHIACEAE,"Pterandra viridiflora",C.E.Anderson,"Pterandra viridiflora"
MALPIGHIACEAE,"Stigmaphyllon jobertii",C.E.Anderson,"Stigmaphyllon jobertii"
MELASTOMATACEAE,"Cambessedesia pityrophylla","(Mart. ex DC.) A.B.Martins","Cambessedesia pityrophylla"
MELASTOMATACEAE,"Cambessedesia salviifolia","(Cham.) A.B.Martins","Cambessedesia salviifolia"
MELASTOMATACEAE,"Cambessedesia semidecandra","A.St.-Hil. ex A.B.Martins","Cambessedesia semidecandra"
MELASTOMATACEAE,"Chaetostoma cupressimum","(D.Don) C.Koschnitzke & A.B.Martins","Chaetostoma cupressimum"
MELASTOMATACEAE,"Chaetostoma flavum","C.Koschnitzke & A.B.Martins","Chaetostoma flavum"
MELASTOMATACEAE,"Chaetostoma inerme",Naudin,"Chaetostoma inerme"
MELASTOMATACEAE,"Chaetostoma selagineum","(Naudin) C.Koschnitzke & A.B.Martins","Chaetostoma selagineum"
MELASTOMATACEAE,"Chaetostoma stenocladon","(Naudin) C.Koschnitzke & A.B.Martins","Chaetostoma stenocladon"
MELASTOMATACEAE,"Comolia edmundoi",Brade,"Comolia edmundoi"
MELASTOMATACEAE,"Lavoisiera adamantium","Barreto ex Pedersoli","Lavoisiera adamantium"
MELASTOMATACEAE,"Lavoisiera angustifolia",Cogn.,"Lavoisiera angustifolia"
MELASTOMATACEAE,"Lavoisiera bradeana",Barreto,"Lavoisiera bradeana"
MELASTOMATACEAE,"Lavoisiera caryophyllea","A.St.-Hil. ex Naudin","Lavoisiera caryophyllea"
MELASTOMATACEAE,"Lavoisiera firmula","Mart. & Schrank ex DC.","Lavoisiera firmula"
MELASTOMATACEAE,"Lavoisiera harleyi",Wurdack,"Lavoisiera harleyi"
MELASTOMATACEAE,"Lavoisiera humilis",Naudin,"Lavoisiera humilis"
MELASTOMATACEAE,"Lavoisiera macrocarpa",Naudin,"Lavoisiera macrocarpa"
MELASTOMATACEAE,"Lavoisiera mucorifera","Mart. & Schrank ex DC.","Lavoisiera mucorifera"
MELASTOMATACEAE,"Lavoisiera punctata","Mart. & Schrank ex DC.","Lavoisiera punctata"
MELASTOMATACEAE,"Lavoisiera senaei",Schwacke,"Lavoisiera senaei"
MELASTOMATACEAE,"Lavoisiera subulata",Triana,"Lavoisiera subulata"
MELASTOMATACEAE,"Lavoisiera tetragona","Mart. & Schrank ex DC.","Lavoisiera tetragona"
MELASTOMATACEAE,"Microlicia balsamifera","(DC.) Mart.","Microlicia balsamifera"
MELASTOMATACEAE,"Microlicia cipoana",Hoehne,"Microlicia cipoana"
MELASTOMATACEAE,"Microlicia crebropunctata",Pilg.,"Microlicia crebropunctata"
MELASTOMATACEAE,"Microlicia giuliettiana","A.B.Martins & Almeda","Microlicia giuliettiana"
MELASTOMATACEAE,"Microlicia minima",Markgr.,"Microlicia minima"
MELASTOMATACEAE,"Microlicia monticola",Wurdack,"Microlicia monticola"
MELASTOMATACEAE,"Microlicia mucugensis","(Wurdack) Almeda & A.B.Martins","Microlicia mucugensis"
MELASTOMATACEAE,"Microlicia noblickii","(Wurdack) A.B.Martins & Almeda","Microlicia noblickii"
MELASTOMATACEAE,"Microlicia oligochaeta",Wurdack,"Microlicia oligochaeta"
MELASTOMATACEAE,"Microlicia ordinata","(Wurdack) Almeda & A.B.Martins","Microlicia ordinata"
MELASTOMATACEAE,"Microlicia petasensis",Wurdack,"Microlicia petasensis"
MELASTOMATACEAE,"Microlicia pinheiroi",Wurdack,"Microlicia pinheiroi"
MELASTOMATACEAE,"Microlicia scoparia","(A.St.-Hil.) DC.","Microlicia scoparia"
MELASTOMATACEAE,"Microlicia sincorensis","(DC.) Mart.","Microlicia sincorensis"
MELASTOMATACEAE,"Microlicia subaequalis",Wurdack,"Microlicia subaequalis"
MELASTOMATACEAE,"Microlicia subalata",Wurdack,"Microlicia subalata"
MELASTOMATACEAE,"Microlicia suborbicularifolia",Hoehne,"Microlicia suborbicularifolia"
MELASTOMATACEAE,"Microlicia tenuifolia",R.Romero,"Microlicia tenuifolia"
MELASTOMATACEAE,"Microlicia trichocalycina",DC.,"Microlicia trichocalycina"
MELASTOMATACEAE,"Microlicia vernicosa","(Barreto ex Pedersoli) A.B.Martins & Almeda","Microlicia vernicosa"
MELASTOMATACEAE,"Pterolepis rotundifolia",Wurdack,"Pterolepis rotundifolia"
MELASTOMATACEAE,"Trembleya rosmarinoides",DC.,"Trembleya rosmarinoides"
MONIMIACEAE,"Macropeplus schwackeanus","(Perkins) I.Santos & Peixoto","Macropeplus schwackeanus"
MORACEAE,"Dorstenia contensis","Carauta & C.C.Berg","Dorstenia contensis"
MORACEAE,"Dorstenia strangii",Carauta,"Dorstenia strangii"
MORACEAE,"Ficus carautana","L.J.Neves & Emygdio","Ficus carautana"
MYRTACEAE,"Calycolpus australis",Landrum,"Calycolpus australis"
MYRTACEAE,"Plinia nana",Sobral,"Plinia nana"
MYRTACEAE,"Psidium firmum",O.Berg,"Psidium firmum"
OCHNACEAE,"Luxemburgia ciliatibracteata",Sastre,"Luxemburgia ciliatibracteata"
OCHNACEAE,"Luxemburgia damazioana",Beauverd,"Luxemburgia damazioana"
OCHNACEAE,"Luxemburgia diciliata",Dwyer,"Luxemburgia diciliata"
OCHNACEAE,"Luxemburgia hatschbachiana",Sastre,"Luxemburgia hatschbachiana"
OCHNACEAE,"Luxemburgia speciosa",A.St.-Hil.,"Luxemburgia speciosa"
OCHNACEAE,"Ouratea acicularis","R.G.Chacon & K.Yamam.","Ouratea acicularis"
OCHNACEAE,"Sauvagesia lanceolata",Sastre,"Sauvagesia lanceolata"
OCHNACEAE,"Sauvagesia oliveirae","Harley & Giul.","Sauvagesia oliveirae"
OCHNACEAE,"Sauvagesia ribeiroi","Harley & Giul.","Sauvagesia ribeiroi"
ORCHIDACEAE,"Acianthera amaralii","(Pabst) F.Barros & L.Guimarães","Acianthera amaralii"
ORCHIDACEAE,"Dungsia marcaliana","Campacci & Chiron","Dungsia marcaliana"
ORCHIDACEAE,"Habenaria meeana",Toscano,"Habenaria meeana"
ORCHIDACEAE,"Habenaria pseudohamata",Toscano,"Habenaria pseudohamata"
ORCHIDACEAE,"Hadrolaelia praestans","(Rchb.f.) Chiron & V.P.Castro","Hadrolaelia praestans"
ORCHIDACEAE,"Hoffmannseggella pendula","Mota et al.","Hoffmannseggella pendula"
ORCHIDACEAE,"Hoffmannseggella pfisteri","(Pabst & Senghas) Chiron & V.P.Castro","Hoffmannseggella pfisteri"
ORCHIDACEAE,"Leptotes vellozicola","van den Berg et al.","Leptotes vellozicola"
ORCHIDACEAE,"Sarcoglottis riocontensis","E.C.Smidt & Toscano","Sarcoglottis riocontensis"
OROBANCHACEAE,"Esterhazya nanuzae",V.C.Souza,"Esterhazya nanuzae"
OROBANCHACEAE,"Physocalyx scaberrimus",Philcox,"Physocalyx scaberrimus"
OXALIDACEAE,"Oxalis areolata",Taub.,"Oxalis areolata"
OXALIDACEAE,"Oxalis pretoensis",Lourteig,"Oxalis pretoensis"
OXALIDACEAE,"Oxalis veadeirosensis",Lourteig,"Oxalis veadeirosensis"
PASSIFLORACEAE,"Passiflora hypoglauca",Harms,"Passiflora hypoglauca"
PASSIFLORACEAE,"Passiflora mucugeana","T.S.Nunes & L.P.Queiroz","Passiflora mucugeana"
PIPERACEAE,"Peperomia warmingii",C.DC.,"Peperomia warmingii"
PLANTAGINACEAE,"Angelonia pratensis","Gardner ex Benth.","Angelonia pratensis"
POACEAE,"Andropogon campestris",Trin.,"Andropogon campestris"
POACEAE,"Axonopus aureus",P.Beauv.,"Axonopus aureus"
POACEAE,"Axonopus grandifolius",Renvoize,"Axonopus grandifolius"
POACEAE,"Dichanthelium aequivaginatum","(Swallen) Zuloaga","Dichanthelium aequivaginatum"
POACEAE,"Dichanthelium assurgens","(Renvoize) Zuloaga","Dichanthelium assurgens"
POACEAE,"Dichanthelium congestum","(Renvoize) Zuloaga","Dichanthelium congestum"
POACEAE,"Dichanthelium sendulskyii","(Zuloaga & Morrone) Zuloaga","Dichanthelium sendulskyii"
POACEAE,"Digitaria chaseae",Henrard,"Digitaria chaseae"
POACEAE,"Digitaria pampinosa",Henrard,"Digitaria pampinosa"
POACEAE,"Guadua magna","Londoño & Filg.","Guadua magna"
POACEAE,"Mesosetum alatum",Filg.,"Mesosetum alatum"
POACEAE,"Mesosetum longiaristatum",Filg.,"Mesosetum longiaristatum"
POACEAE,"Ophiochloa bryoides","G.H.Rua & R.C.Oliveira","Ophiochloa bryoides"
POACEAE,"Otachyrium piligerum","Send. & Soderstr.","Otachyrium piligerum"
POACEAE,"Panicum ephemeroides","Zuloaga & Morrone","Panicum ephemeroides"
POACEAE,"Panicum noterophilum",Renvoize,"Panicum noterophilum"
POACEAE,"Panicum nutabundum","Zuloaga & Morrone","Panicum nutabundum"
POACEAE,"Paspalum biaristatum","Filg. & Davidse","Paspalum biaristatum"
POACEAE,"Paspalum brachytrichum",Hack.,"Paspalum brachytrichum"
POACEAE,"Paspalum burmanii","Filg. et al.","Paspalum burmanii"
POACEAE,"Paspalum cachimboense","Davidse et al.","Paspalum cachimboense"
POACEAE,"Paspalum filgueirasii","Morrone & Zuloaga","Paspalum filgueirasii"
POACEAE,"Paspalum longiaristatum","Davidse & Filg.","Paspalum longiaristatum"
POACEAE,"Paspalum petrense",A.G.Burm.,"Paspalum petrense"
POACEAE,"Paspalum vallsii","R.C.Oliveira & G.H.Rua","Paspalum vallsii"
POACEAE,"Rheochloa scabrifolia","Filg. et al.","Rheochloa scabrifolia"
POACEAE,"Rupichloa acuminata","(Renvoize) Salariato & Morrone","Rupichloa acuminata"
POACEAE,"Sporobolus hians","Van Schaack","Sporobolus hians"
POACEAE,"Sporobolus paucifolius","Boechat & Longhi-Wagner","Sporobolus paucifolius"
POACEAE,"Streptostachys lanciflora","R.P.Oliveira & Longhi-Wagner","Streptostachys lanciflora"
POLYGALACEAE,"Asemeia marquesiana","(J.F.B.Pastore & T.B.Cavalc.) J.F.B.Pastore & J.R.Abbott","Asemeia marquesiana"
POLYGALACEAE,"Asemeia pohliana","(A.St.-Hil.  Moq.)  J.F.B.Pastore & J.R.Abbott","Asemeia pohliana"
POLYGALACEAE,"Polygala apparicioi",Brade,"Polygala apparicioi"
POLYGALACEAE,"Polygala asperuloides",Kunth,"Polygala asperuloides"
POLYGALACEAE,"Polygala bevilacquai",Marques,"Polygala bevilacquai"
POLYGALACEAE,"Polygala grazielae",Marques,"Polygala grazielae"
POLYGALACEAE,"Polygala irwinii",Wurdack,"Polygala irwinii"
POLYGALACEAE,"Polygala juncea",A.St.-Hil.,"Polygala juncea"
POLYGALACEAE,"Polygala malmeana",Chodat,"Polygala malmeana"
POLYGALACEAE,"Polygala patens","J.F.B.Pastore & Marques","Polygala patens"
POLYGALACEAE,"Polygala pseudocoriacea",Chodat,"Polygala pseudocoriacea"
POLYGALACEAE,"Polygala pseudoerica","A.St.-Hil. & Moq.","Polygala pseudoerica"
POLYGALACEAE,"Polygala suganumae","J.F.B.Pastore & Marques","Polygala suganumae"
POLYGALACEAE,"Polygala trifurcata",Chodat,"Polygala trifurcata"
POLYGALACEAE,"Polygala vollii",Brade,"Polygala vollii"
POLYGALACEAE,"Securidaca acuminata","A.St.-Hil. & Moq.","Securidaca acuminata"
POLYGONACEAE,"Coccoloba cereifera",Schwacke,"Coccoloba cereifera"
PRIMULACEAE,"Myrsine cipoensis","M.F.Freitas & Kin.-Gouv.","Myrsine cipoensis"
RHABDODENDRACEAE,"Rhabdodendron gardneranum","(Benth.) Sandwith","Rhabdodendron gardneranum"
RUBIACEAE,"Borreria amapaensis","E.L.Cabral & Bacigalupo","Borreria amapaensis"
RUBIACEAE,"Borreria burchellii","E.L.Cabral & Bacigalupo","Borreria burchellii"
RUBIACEAE,"Borreria gracillima",DC.,"Borreria gracillima"
RUBIACEAE,"Borreria guimaraesensis","E.L.Cabral & Bacigalupo","Borreria guimaraesensis"
RUBIACEAE,"Borreria irwiniana",E.L.Cabral,"Borreria irwiniana"
RUBIACEAE,"Borreria paulista","E.L.Cabral & Bacigalupo","Borreria paulista"
RUBIACEAE,"Borreria rosmarinifolia","E.L.Cabral & Bacigalupo","Borreria rosmarinifolia"
RUBIACEAE,"Borreria tocantinsiana","E.L.Cabral & Bacigalupo","Borreria tocantinsiana"
RUBIACEAE,"Diodia macrophylla",K.Schum.,"Diodia macrophylla"
RUBIACEAE,"Galianthe macedoi",E.L.Cabral,"Galianthe macedoi"
RUBIACEAE,"Galianthe matogrossiana",E.L.Cabral,"Galianthe matogrossiana"
RUBIACEAE,"Mitracarpus pusillus",Steyerm.,"Mitracarpus pusillus"
RUBIACEAE,"Psyllocarpus schwackei",K.Schum.,"Psyllocarpus schwackei"
RUBIACEAE,"Staelia tocantinsiana","R.M.Salas & E.L.Cabral","Staelia tocantinsiana"
SANTALACEAE,"Phoradendron anamariae",Rizzini,"Phoradendron anamariae"
SANTALACEAE,"Phoradendron dimerostachys",Rizzini,"Phoradendron dimerostachys"
SANTALACEAE,"Phoradendron virens",Rizzini,"Phoradendron virens"
SCHOEPFIACEAE,"Schoepfia velutina",Sandwith,"Schoepfia velutina"
SCROPHULARIACEAE,"Buddleja longiflora",Brade,"Buddleja longiflora"
SCROPHULARIACEAE,"Buddleja speciosissima",Taub.,"Buddleja speciosissima"
PLANTAGINACEAE,"Philcoxia goiasensis",P.Taylor,"Philcoxia goiasensis"
PLANTAGINACEAE,"Philcoxia minensis","V.C.Souza & Giul.","Philcoxia minensis"
SOLANACEAE,"Brunfelsia rupestris",Plowman,"Brunfelsia rupestris"
SOLANACEAE,"Solanum eitenii",Agra,"Solanum eitenii"
SYMPLOCACEAE,"Symplocos glaberrima",Gontsch.,"Symplocos glaberrima"
SYMPLOCACEAE,"Symplocos insolita","Aranha et al.","Symplocos insolita"
SYMPLOCACEAE,"Symplocos saxatilis","Aranha et al.","Symplocos saxatilis"
TURNERACEAE,"Piriqueta araguaiana",Arbo,"Piriqueta araguaiana"
TURNERACEAE,"Piriqueta caiapoensis",Arbo,"Piriqueta caiapoensis"
TURNERACEAE,"Piriqueta cristobaliae",Arbo,"Piriqueta cristobaliae"
TURNERACEAE,"Piriqueta emasensis",Arbo,"Piriqueta emasensis"
TURNERACEAE,"Piriqueta lourteigiae",Arbo,"Piriqueta lourteigiae"
TURNERACEAE,"Turnera asymmetrica",Arbo,"Turnera asymmetrica"
TURNERACEAE,"Turnera cipoensis",Arbo,"Turnera cipoensis"
TURNERACEAE,"Turnera coccinea",Arbo,"Turnera coccinea"
TURNERACEAE,"Turnera collotricha",Arbo,"Turnera collotricha"
TURNERACEAE,"Turnera coriacea",Urb.,"Turnera coriacea"
TURNERACEAE,"Turnera elliptica",Urb.,"Turnera elliptica"
TURNERACEAE,"Turnera foliosa",Urb.,"Turnera foliosa"
TURNERACEAE,"Turnera gardneriana",Arbo,"Turnera gardneriana"
TURNERACEAE,"Turnera ignota",Arbo,"Turnera ignota"
TURNERACEAE,"Turnera luetzelburgii",Sleumer,"Turnera luetzelburgii"
TURNERACEAE,"Turnera pinifolia",Cambess.,"Turnera pinifolia"
TURNERACEAE,"Turnera princeps",Arbo,"Turnera princeps"
TURNERACEAE,"Turnera reginae",Arbo,"Turnera reginae"
TURNERACEAE,"Turnera revoluta",Urb.,"Turnera revoluta"
TURNERACEAE,"Turnera riedeliana",Urb.,"Turnera riedeliana"
VELLOZIACEAE,"Barbacenia andersonii","L.B.Sm. & Ayensu","Barbacenia andersonii"
VELLOZIACEAE,"Barbacenia blackii",L.B.Sm.,"Barbacenia blackii"
VELLOZIACEAE,"Barbacenia contasana","L.B.Sm. & Ayensu","Barbacenia contasana"
VELLOZIACEAE,"Barbacenia cylindrica","L.B.Sm. & Ayensu","Barbacenia cylindrica"
VELLOZIACEAE,"Barbacenia fulva","Goethart & Henrard","Barbacenia fulva"
VELLOZIACEAE,"Barbacenia glabra","Goethart & Henrard","Barbacenia glabra"
VELLOZIACEAE,"Barbacenia hatschbachii","L.B.Sm. & Ayensu","Barbacenia hatschbachii"
VELLOZIACEAE,"Barbacenia lymansmithii","Mello-Silva & N.L.Menezes","Barbacenia lymansmithii"
VELLOZIACEAE,"Barbacenia minima","L.B.Sm. & Ayensu","Barbacenia minima"
VELLOZIACEAE,"Barbacenia reflexa","L.B.Sm. & Ayensu","Barbacenia reflexa"
VELLOZIACEAE,"Barbacenia regis",L.B.Sm.,"Barbacenia regis"
VELLOZIACEAE,"Barbacenia umbrosa","L.B.Sm. & Ayensu","Barbacenia umbrosa"
VELLOZIACEAE,"Barbacenia williamsii",L.B.Sm.,"Barbacenia williamsii"
VELLOZIACEAE,"Vellozia bradei",Schulze-Menz,"Vellozia bradei"
VELLOZIACEAE,"Vellozia costata","L.B.Sm. & Ayensu","Vellozia costata"
VELLOZIACEAE,"Vellozia crinita","Goethart & Henrard","Vellozia crinita"
VELLOZIACEAE,"Vellozia exilis","Goethart & Henrard","Vellozia exilis"
VELLOZIACEAE,"Vellozia graomogolensis",L.B.Sm.,"Vellozia graomogolensis"
VELLOZIACEAE,"Vellozia luteola","Mello-Silva & N.L.Menezes","Vellozia luteola"
VELLOZIACEAE,"Vellozia maxillarioides",L.B.Sm.,"Vellozia maxillarioides"
VELLOZIACEAE,"Vellozia prolifera",Mello-Silva,"Vellozia prolifera"
VELLOZIACEAE,"Vellozia sellowii",Seub.,"Vellozia sellowii"
VELLOZIACEAE,"Vellozia spiralis",L.B.Sm.,"Vellozia spiralis"
VELLOZIACEAE,"Vellozia tillandsioides",Mello-Silva,"Vellozia tillandsioides"
VELLOZIACEAE,"Vellozia torquata","L.B.Sm. & Ayensu","Vellozia torquata"
VERBENACEAE,"Bouchea chascanoides",Moldenke,"Bouchea chascanoides"
VERBENACEAE,"Bouchea fluminensis","(Vell.) Moldenke","Bouchea fluminensis"
VERBENACEAE,"Lippia ciliata",Salimena,"Lippia ciliata"
VERBENACEAE,"Lippia duartei",Moldenke,"Lippia duartei"
VERBENACEAE,"Lippia gardneriana",Schauer,"Lippia gardneriana"
VERBENACEAE,"Lippia grandiflora","Mart. & Schauer","Lippia grandiflora"
VERBENACEAE,"Lippia macedoi",Moldenke,"Lippia macedoi"
VERBENACEAE,"Stachytarpheta ajugifolia",Schauer,"Stachytarpheta ajugifolia"
VERBENACEAE,"Stachytarpheta bicolor",Hook.f.,"Stachytarpheta bicolor"
VERBENACEAE,"Stachytarpheta discolor",Cham.,"Stachytarpheta discolor"
VERBENACEAE,"Stachytarpheta froesii",Moldenke,"Stachytarpheta froesii"
VERBENACEAE,"Stachytarpheta galactea",S.Atkins,"Stachytarpheta galactea"
VERBENACEAE,"Stachytarpheta integrifolia","(Pohl) Walp.","Stachytarpheta integrifolia"
VERBENACEAE,"Stachytarpheta itambensis",S.Atkins,"Stachytarpheta itambensis"
VERBENACEAE,"Stachytarpheta lacunosa",Schauer,"Stachytarpheta lacunosa"
VERBENACEAE,"Stachytarpheta lychnitis",Mart.,"Stachytarpheta lychnitis"
VERBENACEAE,"Stachytarpheta monachinoi",Moldenke,"Stachytarpheta monachinoi"
VERBENACEAE,"Stachytarpheta pohliana",Cham.,"Stachytarpheta pohliana"
VOCHYSIACEAE,"Callisthene erythroclada",Warm.,"Callisthene erythroclada"
VOCHYSIACEAE,"Qualea elegans","Taub. ex Benoist","Qualea elegans"
VOCHYSIACEAE,"Vochysia petraea",Warm.,"Vochysia petraea"
VOCHYSIACEAE,"Vochysia pygmaea",Bong.,"Vochysia pygmaea"
VOCHYSIACEAE,"Vochysia rotundifolia",Mart.,"Vochysia rotundifolia"
XYRIDACEAE,"Xyris archeri","L.B.Sm. & Downs","Xyris archeri"
XYRIDACEAE,"Xyris diaphanobracteata","Kral & Wand.","Xyris diaphanobracteata"
XYRIDACEAE,"Xyris goyazensis",Malme,"Xyris goyazensis"
XYRIDACEAE,"Xyris itambensis","Kral & Wand.","Xyris itambensis"
XYRIDACEAE,"Xyris jataiana","Kral & Wand.","Xyris jataiana"
XYRIDACEAE,"Xyris lanuginosa",Seub.,"Xyris lanuginosa"
XYRIDACEAE,"Xyris mertensiana","Körn. ex Malme","Xyris mertensiana"
XYRIDACEAE,"Xyris obcordata","Kral & Wand.","Xyris obcordata"
XYRIDACEAE,"Xyris paradisiaca",Wand.,"Xyris paradisiaca"
XYRIDACEAE,"Xyris picea","Kral & Wand.","Xyris picea"
XYRIDACEAE,"Xyris pranceana","Kral & Wand.","Xyris pranceana"
XYRIDACEAE,"Xyris rupicola",Kunth,"Xyris rupicola"
XYRIDACEAE,"Xyris spectabilis",Mart.,"Xyris spectabilis"
XYRIDACEAE,"Xyris subsetigera",Malme,"Xyris subsetigera"
XYRIDACEAE,"Xyris veruina",Malme,"Xyris veruina"
XYRIDACEAE,"Xyris vestita",Malme,"Xyris vestita"
XYRIDACEAE,"Xyris villosicarinata","Kral & Wand.","Xyris villosicarinata"
ERIOCAULACEAE,"Leiothrix fulgida var. milho-verdensis","(Silveira) Giul.","Leiothrix fulgida var. milho-verdensis"
