family,scientificNameWithoutAuthorship,scientificNameAuthorship,acceptedNameUsage
Melastomataceae,"Microlicia juniperina",A.St.-Hil.,"Microlicia juniperina A.St.-Hil."
MALPIGHIACEAE,"Peixotoa andersonii",C.E.Anderson,"Peixotoa andersonii"
OROBANCHACEAE,"Agalinis schwackeana","(Diels) V.C.Souza & Giul.","Agalinis schwackeana"
APOCYNACEAE,"Minaria bifurcata","(Rapini) T.U.P.Konno & Rapini","Minaria bifurcata"
APOCYNACEAE,"Minaria diamantinensis","(Fontella) T.U.P.Konno & Rapini","Minaria diamantinensis"
APOCYNACEAE,"Minaria hemipogonoides","(E.Fourn.) T.U.P.Konno & Rapini","Minaria hemipogonoides"
Asteraceae,"Piptolepis leptospermoides","(Mart. ex DC.) Sch.Bip.","Piptolepis leptospermoides (Mart. ex DC.) Sch.Bip."
ASTERACEAE,"Eupatorium lineatum","Sch.Bip. ex Baker","Eupatorium lineatum"
Orchidaceae,"Octomeria geraensis",Barb.Rodr.,"Octomeria geraensis Barb.Rodr."
Lycopodiaceae,"Phlegmariurus itambensis","(B.Øllg. & P.G.Windisch) B.Øllg.","Phlegmariurus itambensis (B.Øllg. & P.G.Windisch) B.Øllg."
Asteraceae,"Lychnophora markgravii",G.M.Barroso,"Lychnophora markgravii G.M.Barroso"
Asteraceae,"Lychnophoriopsis candelabrum","(Sch.Bip.) H.Rob.","Lychnophoriopsis candelabrum (Sch.Bip.) H.Rob."
ASTERACEAE,"Richterago caulescens",Roque,"Richterago caulescens"
Euphorbiaceae,"Euphorbia attastoma",Rizzini,"Euphorbia attastoma Rizzini"
Alstroemeriaceae,"Alstroemeria brasiliensis",Spreng.,"Alstroemeria brasiliensis Spreng."
Alstroemeriaceae,"Alstroemeria penduliflora",M.C.Assis,"Alstroemeria penduliflora M.C.Assis"
AQUIFOLIACEAE,"Ilex prostrata",Groppo,"Ilex prostrata"
Apocynaceae,"Ditassa itambensis",Rapini,"Ditassa itambensis Rapini"
APOCYNACEAE,"Hemipogon abietoides",E.Fourn.,"Hemipogon abietoides"
APOCYNACEAE,"Hemipogon hatschbachii","(Fontella & Marquete) Rapini","Hemipogon hatschbachii"
APOCYNACEAE,"Hemipogon piranii","(Fontella) Rapini","Hemipogon piranii"
Asteraceae,"Aspilia cylindrocephala",H.Rob.,"Aspilia cylindrocephala H.Rob."
ASTERACEAE,"Aspilia eglerii",J.U.Santos,"Aspilia eglerii"
ASTERACEAE,"Aspilia jugata",H.Rob.,"Aspilia jugata"
ASTERACEAE,"Lychnophora humillima",Sch.Bip.,"Lychnophora humillima"
ASTERACEAE,"Lychnophora souzae",H.Rob.,"Lychnophora souzae"
BROMELIACEAE,"Dyckia ursina",L.B.Sm.,"Dyckia ursina"
BROMELIACEAE,"Encholirium biflorum","(Mez) Forzza","Encholirium biflorum"
BROMELIACEAE,"Encholirium pedicellatum","(Mez) Rauh","Encholirium pedicellatum"
Bromeliaceae,"Encholirium scrutor","(L.B.Sm.) Rauh","Encholirium scrutor (L.B.Sm.) Rauh"
BROMELIACEAE,"Encholirium vogelii",Rauh,"Encholirium vogelii"
FABACEAE,"Chamaecrista aristata","(Benth.) H.S.Irwin & Barneby","Chamaecrista aristata"
FABACEAE,"Chamaecrista lagotois","H.S.Irwin & Barneby","Chamaecrista lagotois"
ERIOCAULACEAE,"Actinocephalus cipoensis","(Silveira) Sano","Actinocephalus cipoensis"
ERIOCAULACEAE,"Leiothrix linearis",Silveira,"Leiothrix linearis"
ERIOCAULACEAE,"Paepalanthus ater",Silveira,"Paepalanthus ater"
Asteraceae,"Lessingianthus rosmarinifolius","(Less.) H.Rob.","Lessingianthus rosmarinifolius (Less.) H.Rob."
FABACEAE,"Lupinus parvifolius",Gardner,"Lupinus parvifolius"
Eriocaulaceae,"Paepalanthus uncinatus",Gardner,"Paepalanthus uncinatus Gardner"
Connaraceae,"Rourea cnestidifolia",G.Schellenb.,"Rourea cnestidifolia G.Schellenb."
IRIDACEAE,"Pseudotrimezia aminae",Chukr,"Pseudotrimezia aminae"
IRIDACEAE,"Pseudotrimezia brevistamina",Chukr,"Pseudotrimezia brevistamina"
IRIDACEAE,"Pseudotrimezia gracilis",Chukr,"Pseudotrimezia gracilis"
Iridaceae,"Trimezia fistulosa var. longifolia",Chukr,"Trimezia fistulosa var. longifolia Chukr"
Lauraceae,"Persea pedunculosa",Meisn.,"Persea pedunculosa Meisn."
LOGANIACEAE,"Spigelia cipoensis",Zappi,"Spigelia cipoensis"
MALPIGHIACEAE,"Byrsonima fonsecae",W.R.Anderson,"Byrsonima fonsecae"
MELASTOMATACEAE,"Lavoisiera sampaioana",Barreto,"Lavoisiera sampaioana"
ORCHIDACEAE,"Constantia cipoensis","Porto & Brade","Constantia cipoensis"
ORCHIDACEAE,"Pseudolaelia cipoensis",Pabst,"Pseudolaelia cipoensis"
OXALIDACEAE,"Oxalis diamantinae",Knuth,"Oxalis diamantinae"
VELLOZIACEAE,"Barbacenia glutinosa","Goethart & Henrard","Barbacenia glutinosa"
XYRIDACEAE,"Xyris dardanoi",Wand.,"Xyris dardanoi"
XYRIDACEAE,"Xyris hystrix",Seub.,"Xyris hystrix"
XYRIDACEAE,"Xyris nigricans",L.A.Nilsson,"Xyris nigricans"
XYRIDACEAE,"Xyris platystachya","L.A.Nilsson ex Malme","Xyris platystachya"
XYRIDACEAE,"Xyris tortilis",Wand.,"Xyris tortilis"
ERIOCAULACEAE,"Actinocephalus ciliatus","(Bong.) Sano","Actinocephalus ciliatus"
Iridaceae,"Trimezia plicatifolia",Chukr,"Trimezia plicatifolia Chukr"
Eriocaulaceae,"Eriocaulon cipoense",Silveira,"Eriocaulon cipoense Silveira"
Lamiaceae,"Eriope angustifolia",Epling,"Eriope angustifolia Epling"
Melastomataceae,"Lavoisiera angustifolia",Cogn.,"Lavoisiera angustifolia Cogn."
Melastomataceae,"Lavoisiera tetragona","Mart. & Schrank ex DC.","Lavoisiera tetragona Mart. & Schrank ex DC."
Eriocaulaceae,"Leiothrix rupestris",Giul.,"Leiothrix rupestris Giul."
ORCHIDACEAE,"Grobya cipoensis","F.Barros & Lourenço","Grobya cipoensis"
VELLOZIACEAE,"Barbacenia longiscapa","Goethart & Henrard","Barbacenia longiscapa"
VELLOZIACEAE,"Barbacenia pungens","(N.L.Menezes & Semir) Mello-Silva","Barbacenia pungens"
Velloziaceae,"Barbacenia rodriguesii","(N.L.Menezes & Semir) Mello-Silva","Barbacenia rodriguesii (N.L.Menezes & Semir) Mello-Silva"
ARECACEAE,"Syagrus mendanhensis",Glassman,"Syagrus mendanhensis"
Bignoniaceae,"Zeyheria tuberculosa","(Vell.) Bureau ex Verl.","Zeyheria tuberculosa (Vell.) Bureau ex Verl."
MYRSINACEAE,"Myrsine congesta","(Sw.) Pipoly","Myrsine congesta (Sw.) Pipoly"
Lauraceae,"Cinnamomum erythropus","(Nees & Mart.) Kosterm.","Cinnamomum erythropus (Nees & Mart.) Kosterm."
Bromeliaceae,"Neoregelia leprosa",L.B.Sm.,"Neoregelia leprosa L.B.Sm."
Eriocaulaceae,"Paepalanthus hydra",Ruhland,"Paepalanthus hydra Ruhland"
LYTHRACEAE,"Diplusodon glaziovii",Koehne,"Diplusodon glaziovii"
Asteraceae,"Aspilia ovalifolia","(DC.) Baker","Aspilia ovalifolia (DC.) Baker"
Pteridaceae,"Pellaea cymbiformis",J.Prado,"Pellaea cymbiformis J.Prado"
MELASTOMATACEAE,"Microlicia elegans",Naudin,"Microlicia elegans"
MELASTOMATACEAE,"Microlicia microphylla","(Naudin) Cogn.","Microlicia microphylla"
MALVACEAE,"Callianthe monteiroi","(Krapov.) Donnell","Callianthe monteiroi (Krapov.) Donnell"
Primulaceae,"Myrsine congesta","(Sw.) Pipoly","Myrsine congesta (Sw.) Pipoly"
Convolvulaceae,"Merremia repens ",D.F.Austin,"Merremia repens  D.F.Austin"
